Date|Time|Voltage(V)|Current(A)|Power(W)|Battery Voltage(V)|Ambient Temp.(째C)|Light Int.(lux)|Temperature sensor(째C)|Humidity sensor(RH)|Weather condition|Temperature WetterOnline(째C)|Humidity WetterOnline(RH)|Global radiation(W/m^2)|Wind's speed(m/s)|Ground pressure(hPa)|Rainfall(mm)|Rainfall's possibility(%)|Wind's direction(째)|Wind's cardinal direction|Wind's speed(Beaufort)|Wind gust(Beaufort)|Wind gust(km/h)|Feel-like temperature
2019-09-10|00:00:00|0.23|0.0|0.0|12.7|20.89|0.171|25.0|37.9|mo____|7.6|95|0|1.5|1017.1|0.0|10|215|sw|1|3|12|7.0
2019-09-10|00:01:00|0.23|0.0|0.0|12.7|20.88|0.171|25.0|37.9|mo____|7.6|95|0|1.5|1017.1|0.0|10|215|sw|1|3|12|7.0
2019-09-10|00:02:00|0.22|0.0|0.0|12.7|20.9|0.171|25.0|37.9|mo____|7.6|95|0|1.5|1017.1|0.0|10|215|sw|1|3|12|7.0
2019-09-10|00:03:00|0.21|0.0|0.0|12.7|20.89|0.171|25.0|37.9|mo____|7.6|95|0|1.5|1017.1|0.0|10|215|sw|1|3|12|7.0
2019-09-10|00:04:00|0.21|0.0|0.0|12.71|20.88|0.171|25.0|37.9|mo____|7.6|95|0|1.5|1017.1|0.0|10|215|sw|1|3|12|7.0
2019-09-10|00:05:00|0.21|0.0|0.0|12.71|20.86|0.171|25.0|37.9|mo____|7.6|95|0|1.5|1017.1|0.0|10|215|sw|1|3|12|7.0
2019-09-10|00:06:00|0.21|0.0|0.0|12.7|20.9|0.171|25.0|37.9|mo____|7.6|95|0|1.5|1017.1|0.0|10|215|sw|1|3|12|7.0
2019-09-10|00:07:00|0.2|0.0|0.0|12.71|20.85|0.171|25.0|37.9|mo____|7.6|95|0|1.5|1017.1|0.0|10|215|sw|1|3|12|7.0
2019-09-10|00:08:00|0.21|0.0|0.0|12.7|20.87|0.171|25.0|37.9|mo____|7.6|95|0|1.5|1017.1|0.0|10|215|sw|1|3|12|7.0
2019-09-10|00:09:00|0.23|0.0|0.0|12.71|20.86|0.171|25.0|37.9|mo____|7.6|95|0|1.5|1017.1|0.0|10|215|sw|1|3|12|7.0
2019-09-10|00:10:00|0.21|0.0|0.0|12.71|20.87|0.171|25.0|37.9|mo____|7.1|95|0|1.4|1017.1|0.0|10|215|sw|1|2|11|6.5
2019-09-10|00:11:00|0.2|0.0|0.0|12.7|20.89|0.171|25.0|37.9|mo____|7.1|95|0|1.4|1017.1|0.0|10|215|sw|1|2|11|6.5
2019-09-10|00:12:00|0.21|0.0|0.0|12.7|20.84|0.171|25.0|37.9|mo____|7.1|95|0|1.4|1017.1|0.0|10|215|sw|1|2|11|6.5
2019-09-10|00:13:00|0.2|0.0|0.0|12.71|20.84|0.171|25.0|37.9|mo____|7.1|95|0|1.4|1017.1|0.0|10|215|sw|1|2|11|6.5
2019-09-10|00:14:00|0.23|0.0|0.0|12.71|20.84|0.171|25.0|37.9|mo____|7.1|95|0|1.4|1017.1|0.0|10|215|sw|1|2|11|6.5
2019-09-10|00:15:00|0.21|0.0|0.0|12.71|20.83|0.171|25.0|37.9|mo____|7.1|95|0|1.4|1017.1|0.0|10|215|sw|1|2|11|6.5
2019-09-10|00:16:00|0.22|0.0|0.0|12.7|20.83|0.171|25.0|37.8|mo____|7.1|95|0|1.4|1017.1|0.0|10|215|sw|1|2|11|6.5
2019-09-10|00:17:00|0.21|0.0|0.0|12.7|20.86|0.171|25.0|37.8|mo____|7.1|95|0|1.4|1017.1|0.0|10|215|sw|1|2|11|6.5
2019-09-10|00:18:00|0.22|0.0|0.0|12.7|20.83|0.171|25.0|37.8|mo____|7.1|95|0|1.4|1017.1|0.0|10|215|sw|1|2|11|6.5
2019-09-10|00:19:00|0.21|0.0|0.0|12.7|20.82|0.171|25.0|37.8|mo____|7.1|95|0|1.4|1017.1|0.0|10|215|sw|1|2|11|6.5
2019-09-10|00:20:00|0.22|0.0|0.0|12.7|20.85|0.171|25.0|37.8|mo____|7.1|95|0|1.4|1017.1|0.0|15|215|sw|1|2|11|6.4
2019-09-10|00:21:00|0.2|0.0|0.0|12.71|20.84|0.171|25.0|37.9|mo____|7.1|95|0|1.4|1017.1|0.0|15|215|sw|1|2|11|6.4
2019-09-10|00:22:00|0.21|0.0|0.0|12.7|20.81|0.171|25.0|37.9|mo____|7.1|95|0|1.4|1017.1|0.0|15|215|sw|1|2|11|6.4
2019-09-10|00:23:00|0.19|0.0|0.0|12.7|20.82|0.171|25.0|37.9|mo____|7.1|95|0|1.4|1017.1|0.0|15|215|sw|1|2|11|6.4
2019-09-10|00:24:00|0.2|0.0|0.0|12.71|20.84|0.171|25.0|37.9|mo____|7.1|95|0|1.4|1017.1|0.0|15|215|sw|1|2|11|6.4
2019-09-10|00:25:00|0.21|0.0|0.0|12.71|20.81|0.171|25.0|37.9|mo____|7.1|95|0|1.4|1017.1|0.0|15|215|sw|1|2|11|6.4
2019-09-10|00:26:00|0.2|0.0|0.0|12.7|20.81|0.171|25.0|37.9|mo____|7.1|95|0|1.4|1017.1|0.0|15|215|sw|1|2|11|6.4
2019-09-10|00:27:00|0.22|0.0|0.0|12.7|20.83|0.171|24.9|37.9|mo____|7.1|95|0|1.4|1017.1|0.0|15|215|sw|1|2|11|6.4
2019-09-10|00:28:00|0.2|0.0|0.0|12.7|20.8|0.171|24.9|37.9|mo____|7.1|95|0|1.4|1017.1|0.0|15|215|sw|1|2|11|6.4
2019-09-10|00:29:00|0.21|0.0|0.0|12.69|20.83|0.171|24.9|37.9|mo____|7.1|95|0|1.4|1017.1|0.0|15|215|sw|1|2|11|6.4
2019-09-10|00:30:00|0.22|0.0|0.0|12.7|20.79|0.171|24.9|37.9|mo____|7.1|95|0|1.4|1017.1|0.0|15|215|sw|1|2|11|6.4
2019-09-10|00:31:00|0.19|0.0|0.0|12.7|20.83|0.171|24.9|37.9|mo____|5.8|95|0|1.4|1017.1|0.0|15|215|sw|1|2|11|5.0
2019-09-10|00:32:00|0.19|0.0|0.0|12.7|20.82|0.171|24.9|37.9|mo____|5.8|95|0|1.4|1017.1|0.0|15|215|sw|1|2|11|5.0
2019-09-10|00:33:00|0.2|0.0|0.0|12.7|20.8|0.171|24.9|37.9|mo____|5.8|95|0|1.4|1017.1|0.0|15|215|sw|1|2|11|5.0
2019-09-10|00:34:00|0.18|0.0|0.0|12.7|20.82|0.171|24.9|37.9|mo____|5.8|95|0|1.4|1017.1|0.0|15|215|sw|1|2|11|5.0
2019-09-10|00:35:00|0.19|0.0|0.0|12.69|20.81|0.171|24.9|37.9|mo____|5.8|95|0|1.4|1017.1|0.0|15|215|sw|1|2|11|5.0
2019-09-10|00:36:00|0.18|0.0|0.0|12.69|20.8|0.171|24.9|37.9|mo____|5.8|95|0|1.4|1017.1|0.0|15|215|sw|1|2|11|5.0
2019-09-10|00:37:00|0.16|0.0|0.0|12.7|20.78|0.171|24.9|37.9|mo____|5.8|95|0|1.4|1017.1|0.0|15|215|sw|1|2|11|5.0
2019-09-10|00:38:00|0.19|0.0|0.0|12.7|20.81|0.171|24.9|37.9|mo____|5.8|95|0|1.4|1017.1|0.0|15|215|sw|1|2|11|5.0
2019-09-10|00:39:00|0.21|0.0|0.0|12.7|20.79|0.171|24.9|37.9|mo____|5.8|95|0|1.4|1017.1|0.0|15|215|sw|1|2|11|5.0
2019-09-10|00:40:00|0.2|0.0|0.0|12.69|20.79|0.171|24.9|37.9|mo____|5.5|95|0|1.3|1017.1|0.0|10|210|sw|1|2|11|5.5
2019-09-10|00:41:00|0.2|0.0|0.0|12.69|20.77|0.171|24.9|38.0|mo____|5.5|95|0|1.3|1017.1|0.0|10|210|sw|1|2|11|5.5
2019-09-10|00:42:00|0.19|0.0|0.0|12.69|20.78|0.171|24.9|38.0|mo____|5.5|95|0|1.3|1017.1|0.0|10|210|sw|1|2|11|5.5
2019-09-10|00:43:00|0.19|0.0|0.0|12.7|20.8|0.171|24.9|38.0|mo____|5.5|95|0|1.3|1017.1|0.0|10|210|sw|1|2|11|5.5
2019-09-10|00:44:00|0.19|0.0|0.0|12.69|20.77|0.171|24.9|37.9|mo____|5.5|95|0|1.3|1017.1|0.0|10|210|sw|1|2|11|5.5
2019-09-10|00:45:00|0.19|0.0|0.0|12.7|20.76|0.171|24.9|37.9|mo____|5.5|95|0|1.3|1017.1|0.0|10|210|sw|1|2|11|5.5
2019-09-10|00:46:00|0.2|0.0|0.0|12.69|20.77|0.171|24.9|37.9|mo____|5.5|95|0|1.3|1017.1|0.0|10|210|sw|1|2|11|5.5
2019-09-10|00:47:00|0.19|0.0|0.0|12.7|20.78|0.171|24.9|37.9|mo____|5.5|95|0|1.3|1017.1|0.0|10|210|sw|1|2|11|5.5
2019-09-10|00:48:00|0.19|0.0|0.0|12.7|20.78|0.171|24.9|37.9|mo____|5.5|95|0|1.3|1017.1|0.0|10|210|sw|1|2|11|5.5
2019-09-10|00:49:00|0.2|0.0|0.0|12.69|20.77|0.171|24.9|37.9|mo____|5.5|95|0|1.3|1017.1|0.0|10|210|sw|1|2|11|5.5
2019-09-10|00:50:00|0.19|0.0|0.0|12.7|20.76|0.171|24.9|37.9|mo____|5.5|95|0|1.3|1017.1|0.0|10|210|sw|1|2|11|5.5
2019-09-10|00:51:00|0.17|0.0|0.0|12.7|20.74|0.171|24.9|37.9|mo____|5.5|95|0|1.3|1017.1|0.0|10|210|sw|1|2|11|5.5
2019-09-10|00:52:00|0.16|0.0|0.0|12.7|20.75|0.171|24.9|37.9|mo____|5.5|95|0|1.3|1017.1|0.0|10|210|sw|1|2|11|5.5
2019-09-10|00:53:00|0.17|0.0|0.0|12.7|20.73|0.171|24.9|37.9|mo____|5.5|95|0|1.3|1017.1|0.0|10|210|sw|1|2|11|5.5
2019-09-10|00:54:00|0.19|0.0|0.0|12.7|20.76|0.171|24.9|37.8|mo____|5.5|95|0|1.3|1017.1|0.0|10|210|sw|1|2|11|5.5
2019-09-10|00:55:00|0.15|0.0|0.0|12.7|20.72|0.171|24.9|37.8|mo____|5.5|95|0|1.3|1017.1|0.0|10|210|sw|1|2|11|5.5
2019-09-10|00:56:00|0.17|0.0|0.0|12.7|20.72|0.171|24.9|37.8|mo____|5.5|95|0|1.3|1017.1|0.0|10|210|sw|1|2|11|5.5
2019-09-10|00:57:00|0.18|0.0|0.0|12.69|20.76|0.171|24.9|37.9|mo____|5.5|95|0|1.3|1017.1|0.0|10|210|sw|1|2|11|5.5
2019-09-10|00:58:00|0.18|0.0|0.0|12.69|20.75|0.171|24.9|37.9|mo____|5.5|95|0|1.3|1017.1|0.0|10|210|sw|1|2|11|5.5
2019-09-10|00:59:00|0.18|0.0|0.0|12.7|20.75|0.171|24.9|37.9|mo____|5.5|95|0|1.3|1017.1|0.0|10|210|sw|1|2|11|5.5
2019-09-10|01:00:00|0.18|0.0|0.0|12.7|20.71|0.171|24.9|37.9|mo____|5.5|95|0|1.3|1017.1|0.0|10|210|sw|1|2|11|5.5
2019-09-10|01:01:00|0.18|0.0|0.0|12.7|20.74|0.171|24.9|37.9|mo____|5.5|95|0|1.3|1017.1|0.0|10|210|sw|1|2|11|5.5
2019-09-10|01:02:00|0.18|0.0|0.0|12.7|20.73|0.171|24.9|37.9|mo____|5.5|95|0|1.3|1017.1|0.0|10|210|sw|1|2|11|5.5
2019-09-10|01:03:00|0.19|0.0|0.0|12.69|20.72|0.171|24.9|37.9|mo____|5.5|95|0|1.3|1017.1|0.0|10|210|sw|1|2|11|5.5
2019-09-10|01:04:00|0.19|0.0|0.0|12.69|20.72|0.171|24.9|37.9|mo____|5.5|95|0|1.3|1017.1|0.0|10|210|sw|1|2|11|5.5
2019-09-10|01:05:00|0.18|0.0|0.0|12.69|20.68|0.171|24.9|37.9|mo____|5.5|95|0|1.3|1017.1|0.0|10|210|sw|1|2|11|5.5
2019-09-10|01:06:00|0.18|0.0|0.0|12.7|20.73|0.171|24.9|37.9|mo____|5.5|95|0|1.3|1017.1|0.0|10|210|sw|1|2|11|5.5
2019-09-10|01:07:00|0.17|0.0|0.0|12.7|20.7|0.171|24.9|37.9|mo____|5.5|95|0|1.3|1017.1|0.0|10|210|sw|1|2|11|5.5
2019-09-10|01:08:00|0.18|0.0|0.0|12.69|20.69|0.171|24.8|37.9|mo____|5.5|95|0|1.3|1017.1|0.0|10|210|sw|1|2|11|5.5
2019-09-10|01:09:00|0.18|0.0|0.0|12.7|20.7|0.171|24.8|38.0|mo____|5.5|95|0|1.3|1017.1|0.0|10|210|sw|1|2|11|5.5
2019-09-10|01:10:00|0.19|0.0|0.0|12.7|20.69|0.171|24.8|38.0|mo____|5.3|95|0|1.3|1017.1|0.0|10|210|sw|1|2|11|5.3
2019-09-10|01:11:00|0.17|0.0|0.0|12.7|20.67|0.171|24.8|38.0|mo____|5.3|95|0|1.3|1017.1|0.0|10|210|sw|1|2|11|5.3
2019-09-10|01:12:00|0.19|0.0|0.0|12.7|20.68|0.171|24.8|38.0|mo____|5.3|95|0|1.3|1017.1|0.0|10|210|sw|1|2|11|5.3
2019-09-10|01:13:00|0.18|0.0|0.0|12.69|20.71|0.171|24.8|38.0|mo____|5.3|95|0|1.3|1017.1|0.0|10|210|sw|1|2|11|5.3
2019-09-10|01:14:00|0.18|0.0|0.0|12.7|20.69|0.171|24.8|38.0|mo____|5.3|95|0|1.3|1017.1|0.0|10|210|sw|1|2|11|5.3
2019-09-10|01:15:00|0.2|0.0|0.0|12.69|20.71|0.171|24.8|38.0|mo____|5.3|95|0|1.3|1017.1|0.0|10|210|sw|1|2|11|5.3
2019-09-10|01:16:00|0.17|0.0|0.0|12.69|20.68|0.171|24.8|38.0|mo____|5.3|95|0|1.3|1017.1|0.0|10|210|sw|1|2|11|5.3
2019-09-10|01:17:00|0.18|0.0|0.0|12.69|20.67|0.171|24.8|38.0|mo____|5.3|95|0|1.3|1017.1|0.0|10|210|sw|1|2|11|5.3
2019-09-10|01:18:00|0.18|0.0|0.0|12.69|20.7|0.171|24.8|38.0|mo____|5.3|95|0|1.3|1017.1|0.0|10|210|sw|1|2|11|5.3
2019-09-10|01:19:00|0.17|0.0|0.0|12.69|20.68|0.171|24.8|38.0|mo____|5.3|95|0|1.3|1017.1|0.0|10|210|sw|1|2|11|5.3
2019-09-10|01:20:00|0.18|0.0|0.0|12.7|20.66|0.171|24.8|38.0|mo____|5.3|95|0|1.2|1017.0|0.0|10|210|sw|1|2|11|5.3
2019-09-10|01:21:00|0.16|0.0|0.0|12.7|20.67|0.171|24.8|38.0|mo____|5.3|95|0|1.2|1017.0|0.0|10|210|sw|1|2|11|5.3
2019-09-10|01:22:00|0.16|0.0|0.0|12.69|20.65|0.171|24.8|37.9|mo____|5.3|95|0|1.2|1017.0|0.0|10|210|sw|1|2|11|5.3
2019-09-10|01:23:00|0.17|0.0|0.0|12.69|20.66|0.171|24.8|38.0|mo____|5.3|95|0|1.2|1017.0|0.0|10|210|sw|1|2|11|5.3
2019-09-10|01:24:00|0.18|0.0|0.0|12.69|20.68|0.171|24.8|37.9|mo____|5.3|95|0|1.2|1017.0|0.0|10|210|sw|1|2|11|5.3
2019-09-10|01:25:00|0.18|0.0|0.0|12.7|20.68|0.171|24.8|37.9|mo____|5.3|95|0|1.2|1017.0|0.0|10|210|sw|1|2|11|5.3
2019-09-10|01:26:00|0.18|0.0|0.0|12.69|20.66|0.171|24.8|37.9|mo____|5.3|95|0|1.2|1017.0|0.0|10|210|sw|1|2|11|5.3
2019-09-10|01:27:00|0.16|0.0|0.0|12.69|20.67|0.171|24.8|37.9|mo____|5.3|95|0|1.2|1017.0|0.0|10|210|sw|1|2|11|5.3
2019-09-10|01:28:00|0.18|0.0|0.0|12.69|20.68|0.171|24.8|37.9|mo____|5.3|95|0|1.2|1017.0|0.0|10|210|sw|1|2|11|5.3
2019-09-10|01:29:00|0.17|0.0|0.0|12.69|20.64|0.171|24.8|37.9|mo____|5.3|95|0|1.2|1017.0|0.0|10|210|sw|1|2|11|5.3
2019-09-10|01:30:00|0.17|0.0|0.0|12.69|20.64|0.171|24.8|37.9|mo____|5.2|95|0|1.2|1017.0|0.0|10|205|sw|1|2|11|5.2
2019-09-10|01:31:00|0.16|0.0|0.0|12.69|20.66|0.171|24.8|37.9|mo____|5.2|95|0|1.2|1017.0|0.0|10|205|sw|1|2|11|5.2
2019-09-10|01:32:00|0.17|0.0|0.0|12.7|20.65|0.171|24.8|37.9|mo____|5.2|95|0|1.2|1017.0|0.0|10|205|sw|1|2|11|5.2
2019-09-10|01:33:00|0.16|0.0|0.0|12.69|20.62|0.171|24.8|37.9|mo____|5.2|95|0|1.2|1017.0|0.0|10|205|sw|1|2|11|5.2
2019-09-10|01:34:00|0.17|0.0|0.0|12.7|20.63|0.171|24.8|37.9|mo____|5.2|95|0|1.2|1017.0|0.0|10|205|sw|1|2|11|5.2
2019-09-10|01:35:00|0.17|0.0|0.0|12.69|20.63|0.171|24.8|37.9|mo____|5.2|95|0|1.2|1017.0|0.0|10|205|sw|1|2|11|5.2
2019-09-10|01:36:00|0.16|0.0|0.0|12.7|20.65|0.171|24.8|37.9|mo____|5.2|95|0|1.2|1017.0|0.0|10|205|sw|1|2|11|5.2
2019-09-10|01:37:00|0.15|0.0|0.0|12.69|20.64|0.171|24.8|37.9|mo____|5.2|95|0|1.2|1017.0|0.0|10|205|sw|1|2|11|5.2
2019-09-10|01:38:00|0.16|0.0|0.0|12.69|20.64|0.171|24.8|37.9|mo____|5.2|95|0|1.2|1017.0|0.0|10|205|sw|1|2|11|5.2
2019-09-10|01:39:00|0.15|0.0|0.0|12.69|20.64|0.171|24.8|37.9|mo____|5.2|95|0|1.2|1017.0|0.0|10|205|sw|1|2|11|5.2
2019-09-10|01:40:00|0.17|0.0|0.0|12.69|20.63|0.171|24.8|37.9|mo____|5.2|95|0|1.2|1017.0|0.0|10|205|sw|1|2|11|5.2
2019-09-10|01:41:00|0.16|0.0|0.0|12.7|20.64|0.171|24.8|37.9|mo____|5.2|95|0|1.2|1017.0|0.0|10|205|sw|1|2|11|5.2
2019-09-10|01:42:00|0.18|0.0|0.0|12.69|20.62|0.171|24.8|37.9|mo____|5.2|95|0|1.2|1017.0|0.0|10|205|sw|1|2|11|5.2
2019-09-10|01:43:00|0.18|0.0|0.0|12.7|20.6|0.171|24.8|37.9|mo____|5.2|95|0|1.2|1017.0|0.0|10|205|sw|1|2|11|5.2
2019-09-10|01:44:00|0.16|0.0|0.0|12.69|20.6|0.171|24.8|37.9|mo____|5.2|95|0|1.2|1017.0|0.0|10|205|sw|1|2|11|5.2
2019-09-10|01:45:00|0.17|0.0|0.0|12.69|20.62|0.171|24.7|37.9|mo____|5.2|95|0|1.2|1017.0|0.0|10|205|sw|1|2|11|5.2
2019-09-10|01:46:00|0.16|0.0|0.0|12.7|20.62|0.171|24.7|37.9|mo____|5.2|95|0|1.2|1017.0|0.0|10|205|sw|1|2|11|5.2
2019-09-10|01:47:00|0.17|0.0|0.0|12.69|20.6|0.171|24.7|38.0|mo____|5.2|95|0|1.2|1017.0|0.0|10|205|sw|1|2|11|5.2
2019-09-10|01:48:00|0.18|0.0|0.0|12.69|20.58|0.171|24.7|37.9|mo____|5.2|95|0|1.2|1017.0|0.0|10|205|sw|1|2|11|5.2
2019-09-10|01:49:00|0.17|0.0|0.0|12.69|20.62|0.171|24.7|37.9|mo____|5.2|95|0|1.2|1017.0|0.0|10|205|sw|1|2|11|5.2
2019-09-10|01:50:00|0.17|0.0|0.0|12.69|20.6|0.171|24.7|37.9|mo____|5.2|95|0|1.2|1017.0|0.0|10|205|sw|1|2|11|5.2
2019-09-10|01:51:00|0.16|0.0|0.0|12.69|20.58|0.171|24.7|38.0|mo____|5.2|95|0|1.2|1017.0|0.0|10|205|sw|1|2|11|5.2
2019-09-10|01:52:00|0.15|0.0|0.0|12.69|20.58|0.171|24.7|37.9|mo____|5.2|95|0|1.2|1017.0|0.0|10|205|sw|1|2|11|5.2
2019-09-10|01:53:00|0.17|0.0|0.0|12.69|20.58|0.171|24.7|38.0|mo____|5.2|95|0|1.2|1017.0|0.0|10|205|sw|1|2|11|5.2
2019-09-10|01:54:00|0.18|0.0|0.0|12.69|20.57|0.171|24.7|38.0|mo____|5.2|95|0|1.2|1017.0|0.0|10|205|sw|1|2|11|5.2
2019-09-10|01:55:00|0.16|0.0|0.0|12.69|20.6|0.171|24.7|38.0|mo____|5.2|95|0|1.2|1017.0|0.0|10|205|sw|1|2|11|5.2
2019-09-10|01:56:00|0.16|0.0|0.0|12.69|20.6|0.171|24.7|38.0|mo____|5.2|95|0|1.2|1017.0|0.0|10|205|sw|1|2|11|5.2
2019-09-10|01:57:00|0.15|0.0|0.0|12.69|20.61|0.171|24.7|37.9|mo____|5.2|95|0|1.2|1017.0|0.0|10|205|sw|1|2|11|5.2
2019-09-10|01:58:00|0.16|0.0|0.0|12.69|20.56|0.171|24.7|37.9|mo____|5.2|95|0|1.2|1017.0|0.0|10|205|sw|1|2|11|5.2
2019-09-10|01:59:00|0.17|0.0|0.0|12.69|20.59|0.171|24.7|37.9|mo____|5.2|95|0|1.2|1017.0|0.0|10|205|sw|1|2|11|5.2
2019-09-10|02:00:00|0.16|0.0|0.0|12.69|20.6|0.171|24.7|37.9|mo____|5.2|95|0|1.2|1017.0|0.0|10|205|sw|1|2|11|5.2
2019-09-10|02:01:00|0.15|0.0|0.0|12.69|20.59|0.171|24.7|37.9|mo____|5.2|95|0|1.2|1017.0|0.0|10|205|sw|1|2|11|5.2
2019-09-10|02:02:00|0.18|0.0|0.0|12.69|20.6|0.171|24.7|37.9|mo____|5.2|95|0|1.2|1017.0|0.0|10|205|sw|1|2|11|5.2
2019-09-10|02:03:00|0.18|0.0|0.0|12.69|20.56|0.171|24.7|37.9|mo____|5.2|95|0|1.2|1017.0|0.0|10|205|sw|1|2|11|5.2
2019-09-10|02:04:00|0.19|0.0|0.0|12.69|20.59|0.171|24.7|37.9|mo____|5.2|95|0|1.2|1017.0|0.0|10|205|sw|1|2|11|5.2
2019-09-10|02:05:00|0.16|0.0|0.0|12.69|20.56|0.171|24.8|37.8|mo____|5.2|95|0|1.2|1017.0|0.0|10|205|sw|1|2|11|5.2
2019-09-10|02:06:00|0.16|0.0|0.0|12.69|20.54|0.171|24.8|37.8|mo____|5.2|95|0|1.2|1017.0|0.0|10|205|sw|1|2|11|5.2
2019-09-10|02:07:00|0.17|0.0|0.0|12.69|20.55|0.171|24.7|37.9|mo____|5.2|95|0|1.2|1017.0|0.0|10|205|sw|1|2|11|5.2
2019-09-10|02:08:00|0.18|0.0|0.0|12.69|20.54|0.171|24.7|37.9|mo____|5.2|95|0|1.2|1017.0|0.0|10|205|sw|1|2|11|5.2
2019-09-10|02:09:00|0.18|0.0|0.0|12.69|20.56|0.171|24.7|37.9|mo____|5.2|95|0|1.2|1017.0|0.0|10|205|sw|1|2|11|5.2
2019-09-10|02:10:00|0.18|0.0|0.0|12.69|20.54|0.171|24.7|37.9|mb____|5.2|95|0|1.2|1017.0|0.0|25|200|s|1|2|11|5.2
2019-09-10|02:11:00|0.15|0.0|0.0|12.69|20.57|0.171|24.7|37.9|mb____|5.2|95|0|1.2|1017.0|0.0|25|200|s|1|2|11|5.2
2019-09-10|02:12:00|0.18|0.0|0.0|12.69|20.54|0.171|24.7|37.9|mb____|5.2|95|0|1.2|1017.0|0.0|25|200|s|1|2|11|5.2
2019-09-10|02:13:00|0.17|0.0|0.0|12.69|20.56|0.171|24.7|37.9|mb____|5.2|95|0|1.2|1017.0|0.0|25|200|s|1|2|11|5.2
2019-09-10|02:14:00|0.17|0.0|0.0|12.69|20.52|0.171|24.7|37.9|mb____|5.2|95|0|1.2|1017.0|0.0|25|200|s|1|2|11|5.2
2019-09-10|02:15:00|0.17|0.0|0.0|12.69|20.56|0.171|24.7|37.9|mb____|5.2|95|0|1.2|1017.0|0.0|25|200|s|1|2|11|5.2
2019-09-10|02:16:00|0.17|0.0|0.0|12.69|20.55|0.171|24.7|37.9|mb____|5.2|95|0|1.2|1017.0|0.0|25|200|s|1|2|11|5.2
2019-09-10|02:17:00|0.17|0.0|0.0|12.69|20.53|0.171|24.7|37.9|mb____|5.2|95|0|1.2|1017.0|0.0|25|200|s|1|2|11|5.2
2019-09-10|02:18:00|0.18|0.0|0.0|12.69|20.53|0.171|24.7|37.9|mb____|5.2|95|0|1.2|1017.0|0.0|25|200|s|1|2|11|5.2
2019-09-10|02:19:00|0.17|0.0|0.0|12.69|20.54|0.171|24.7|37.9|mb____|5.2|95|0|1.2|1017.0|0.0|25|200|s|1|2|11|5.2
2019-09-10|02:20:00|0.16|0.0|0.0|12.69|20.51|0.171|24.7|37.9|mb____|5.3|95|0|1.2|1016.9|0.0|30|190|s|1|2|11|5.3
2019-09-10|02:21:00|0.17|0.0|0.0|12.69|20.54|0.171|24.7|37.9|mb____|5.3|95|0|1.2|1016.9|0.0|30|190|s|1|2|11|5.3
2019-09-10|02:22:00|0.16|0.0|0.0|12.69|20.5|0.171|24.7|37.9|mb____|5.3|95|0|1.2|1016.9|0.0|30|190|s|1|2|11|5.3
2019-09-10|02:23:00|0.17|0.0|0.0|12.69|20.52|0.171|24.7|37.9|mb____|5.3|95|0|1.2|1016.9|0.0|30|190|s|1|2|11|5.3
2019-09-10|02:24:00|0.17|0.0|0.0|12.69|20.51|0.171|24.7|37.9|mb____|5.3|95|0|1.2|1016.9|0.0|30|190|s|1|2|11|5.3
2019-09-10|02:25:00|0.16|0.0|0.0|12.69|20.54|0.171|24.7|37.9|mb____|5.3|95|0|1.2|1016.9|0.0|30|190|s|1|2|11|5.3
2019-09-10|02:26:00|0.16|0.0|0.0|12.69|20.5|0.171|24.7|37.9|mb____|5.3|95|0|1.2|1016.9|0.0|30|190|s|1|2|11|5.3
2019-09-10|02:27:00|0.17|0.0|0.0|12.69|20.49|0.171|24.7|38.0|mb____|5.3|95|0|1.2|1016.9|0.0|30|190|s|1|2|11|5.3
2019-09-10|02:28:00|0.18|0.0|0.0|12.69|20.49|0.171|24.6|38.0|mb____|5.3|95|0|1.2|1016.9|0.0|30|190|s|1|2|11|5.3
2019-09-10|02:29:00|0.16|0.0|0.0|12.69|20.48|0.171|24.6|37.9|mb____|5.3|95|0|1.2|1016.9|0.0|30|190|s|1|2|11|5.3
2019-09-10|02:30:00|0.14|0.0|0.0|12.69|20.52|0.171|24.7|37.9|mb____|5.3|95|0|1.2|1016.9|0.0|30|190|s|1|2|11|5.3
2019-09-10|02:31:00|0.16|0.0|0.0|12.69|20.52|0.171|24.7|37.9|mb____|5.4|100|0|1.2|1016.9|0.0|30|185|s|1|2|10|5.4
2019-09-10|02:32:00|0.16|0.0|0.0|12.69|20.47|0.171|24.7|37.9|mb____|5.4|100|0|1.2|1016.9|0.0|30|185|s|1|2|10|5.4
2019-09-10|02:33:00|0.17|0.0|0.0|12.69|20.48|0.171|24.7|37.9|mb____|5.4|100|0|1.2|1016.9|0.0|30|185|s|1|2|10|5.4
2019-09-10|02:34:00|0.17|0.0|0.0|12.7|20.5|0.171|24.7|37.9|mb____|5.4|100|0|1.2|1016.9|0.0|30|185|s|1|2|10|5.4
2019-09-10|02:35:00|0.15|0.0|0.0|12.69|20.49|0.171|24.7|37.9|mb____|5.4|100|0|1.2|1016.9|0.0|30|185|s|1|2|10|5.4
2019-09-10|02:36:00|0.17|0.0|0.0|12.69|20.47|0.171|24.7|37.9|mb____|5.4|100|0|1.2|1016.9|0.0|30|185|s|1|2|10|5.4
2019-09-10|02:37:00|0.16|0.0|0.0|12.69|20.46|0.171|24.7|72.6|mb____|5.4|100|0|1.2|1016.9|0.0|30|185|s|1|2|10|5.4
2019-09-10|02:38:00|0.17|0.0|0.0|12.69|20.51|0.171|24.7|37.9|mb____|5.4|100|0|1.2|1016.9|0.0|30|185|s|1|2|10|5.4
2019-09-10|02:39:00|0.16|0.0|0.0|12.69|20.48|0.171|24.7|37.9|mb____|5.4|100|0|1.2|1016.9|0.0|30|185|s|1|2|10|5.4
2019-09-10|02:40:00|0.17|0.0|0.0|12.69|20.49|0.171|24.7|37.9|mb____|5.6|100|0|1.2|1016.9|0.0|30|175|s|1|2|10|5.6
2019-09-10|02:41:00|0.16|0.0|0.0|12.69|20.5|0.171|24.7|37.9|mb____|5.6|100|0|1.2|1016.9|0.0|30|175|s|1|2|10|5.6
2019-09-10|02:42:00|0.17|0.0|0.0|12.69|20.47|0.171|24.7|37.9|mb____|5.6|100|0|1.2|1016.9|0.0|30|175|s|1|2|10|5.6
2019-09-10|02:43:00|0.16|0.0|0.0|12.69|20.46|0.171|24.7|37.9|mb____|5.6|100|0|1.2|1016.9|0.0|30|175|s|1|2|10|5.6
2019-09-10|02:44:00|0.18|0.0|0.0|12.69|20.48|0.171|24.7|37.9|mb____|5.6|100|0|1.2|1016.9|0.0|30|175|s|1|2|10|5.6
2019-09-10|02:45:00|0.16|0.0|0.0|12.69|20.47|0.171|24.7|37.9|mb____|5.6|100|0|1.2|1016.9|0.0|30|175|s|1|2|10|5.6
2019-09-10|02:46:00|0.14|0.0|0.0|12.69|20.46|0.171|24.7|37.9|mb____|5.6|100|0|1.2|1016.9|0.0|30|175|s|1|2|10|5.6
2019-09-10|02:47:00|0.16|0.0|0.0|12.69|20.45|0.171|24.6|37.9|mb____|5.6|100|0|1.2|1016.9|0.0|30|175|s|1|2|10|5.6
2019-09-10|02:48:00|0.17|0.0|0.0|12.69|20.48|0.171|24.6|37.9|mb____|5.6|100|0|1.2|1016.9|0.0|30|175|s|1|2|10|5.6
2019-09-10|02:49:00|0.18|0.0|0.0|12.69|20.46|0.171|24.6|37.9|mb____|5.6|100|0|1.2|1016.9|0.0|30|175|s|1|2|10|5.6
2019-09-10|02:50:00|0.16|0.0|0.0|12.69|20.47|0.171|24.6|37.9|mb____|5.6|100|0|1.2|1016.9|0.0|30|175|s|1|2|10|5.6
2019-09-10|02:51:00|0.17|0.0|0.0|12.69|20.46|0.171|24.6|37.9|mb____|5.6|100|0|1.2|1016.9|0.0|30|175|s|1|2|10|5.6
2019-09-10|02:52:00|0.16|0.0|0.0|12.69|20.47|0.171|24.6|37.9|mb____|5.6|100|0|1.2|1016.9|0.0|30|175|s|1|2|10|5.6
2019-09-10|02:53:00|0.16|0.0|0.0|12.69|20.42|0.171|24.6|37.9|mb____|5.6|100|0|1.2|1016.9|0.0|30|175|s|1|2|10|5.6
2019-09-10|02:54:00|0.16|0.0|0.0|12.69|20.46|0.171|24.6|37.9|mb____|5.6|100|0|1.2|1016.9|0.0|30|175|s|1|2|10|5.6
2019-09-10|02:55:00|0.15|0.0|0.0|12.69|20.46|0.171|24.6|37.9|mb____|5.6|100|0|1.2|1016.9|0.0|30|175|s|1|2|10|5.6
2019-09-10|02:56:00|0.17|0.0|0.0|12.69|20.46|0.171|24.6|37.9|mb____|5.6|100|0|1.2|1016.9|0.0|30|175|s|1|2|10|5.6
2019-09-10|02:57:00|0.17|0.0|0.0|12.69|20.42|0.171|24.6|37.9|mb____|5.6|100|0|1.2|1016.9|0.0|30|175|s|1|2|10|5.6
2019-09-10|02:58:00|0.15|0.0|0.0|12.69|20.43|0.171|24.6|37.9|mb____|5.6|100|0|1.2|1016.9|0.0|30|175|s|1|2|10|5.6
2019-09-10|02:59:00|0.15|0.0|0.0|12.69|20.42|0.171|24.6|37.9|mb____|5.6|100|0|1.2|1016.9|0.0|30|175|s|1|2|10|5.6
2019-09-10|03:00:00|0.16|0.0|0.0|12.69|20.41|0.171|24.6|37.9|mb____|5.6|100|0|1.2|1016.9|0.0|30|175|s|1|2|10|5.6
2019-09-10|03:01:00|0.18|0.0|0.0|12.69|20.42|0.171|24.6|37.9|mb____|5.6|100|0|1.2|1016.9|0.0|30|175|s|1|2|10|5.6
2019-09-10|03:02:00|0.15|0.0|0.0|12.69|20.44|0.171|24.6|37.9|mb____|5.6|100|0|1.2|1016.9|0.0|30|175|s|1|2|10|5.6
2019-09-10|03:03:00|0.15|0.0|0.0|12.69|20.44|0.171|24.6|37.9|mb____|5.6|100|0|1.2|1016.9|0.0|30|175|s|1|2|10|5.6
2019-09-10|03:04:00|0.17|0.0|0.0|12.69|20.41|0.171|24.6|37.9|mb____|5.6|100|0|1.2|1016.9|0.0|30|175|s|1|2|10|5.6
2019-09-10|03:05:00|0.16|0.0|0.0|12.69|20.44|0.171|24.6|37.9|mb____|5.6|100|0|1.2|1016.9|0.0|30|175|s|1|2|10|5.6
2019-09-10|03:06:00|0.18|0.0|0.0|12.69|20.43|0.171|24.6|37.9|mb____|5.6|100|0|1.2|1016.9|0.0|30|175|s|1|2|10|5.6
2019-09-10|03:07:00|0.17|0.0|0.0|12.69|20.43|0.171|24.6|37.9|mb____|5.6|100|0|1.2|1016.9|0.0|30|175|s|1|2|10|5.6
2019-09-10|03:08:00|0.17|0.0|0.0|12.69|20.42|0.171|24.6|37.9|mb____|5.6|100|0|1.2|1016.9|0.0|30|175|s|1|2|10|5.6
2019-09-10|03:09:00|0.17|0.0|0.0|12.69|20.41|0.171|24.6|37.9|mb____|5.6|100|0|1.2|1016.9|0.0|30|175|s|1|2|10|5.6
2019-09-10|03:10:00|0.17|0.0|0.0|12.69|20.41|0.171|24.6|37.9|mb____|5.9|100|0|1.3|1016.9|0.0|30|175|s|1|2|10|5.9
2019-09-10|03:11:00|0.18|0.0|0.0|12.69|20.43|0.171|24.6|37.9|mb____|5.9|100|0|1.3|1016.9|0.0|30|175|s|1|2|10|5.9
2019-09-10|03:12:00|0.16|0.0|0.0|12.69|20.41|0.171|24.6|37.9|mb____|5.9|100|0|1.3|1016.9|0.0|30|175|s|1|2|10|5.9
2019-09-10|03:13:00|0.16|0.0|0.0|12.69|20.42|0.171|24.6|37.9|mb____|5.9|100|0|1.3|1016.9|0.0|30|175|s|1|2|10|5.9
2019-09-10|03:14:00|0.17|0.0|0.0|12.69|20.43|0.171|24.6|37.9|mb____|5.9|100|0|1.3|1016.9|0.0|30|175|s|1|2|10|5.9
2019-09-10|03:15:00|0.16|0.0|0.0|12.69|20.42|0.171|24.6|37.9|mb____|5.9|100|0|1.3|1016.9|0.0|30|175|s|1|2|10|5.9
2019-09-10|03:16:00|0.17|0.0|0.0|12.69|20.39|0.171|24.6|37.9|mb____|5.9|100|0|1.3|1016.9|0.0|30|175|s|1|2|10|5.9
2019-09-10|03:17:00|0.16|0.0|0.0|12.69|20.41|0.171|24.6|37.9|mb____|5.9|100|0|1.3|1016.9|0.0|30|175|s|1|2|10|5.9
2019-09-10|03:18:00|0.16|0.0|0.0|12.69|20.38|0.171|24.6|37.9|mb____|5.9|100|0|1.3|1016.9|0.0|30|175|s|1|2|10|5.9
2019-09-10|03:19:00|0.16|0.0|0.0|12.69|20.39|0.171|24.6|37.9|mb____|5.9|100|0|1.3|1016.9|0.0|30|175|s|1|2|10|5.9
2019-09-10|03:20:00|0.16|0.0|0.0|12.69|20.42|0.171|24.6|37.9|mb____|6.0|100|0|1.3|1016.9|0.0|30|175|s|1|2|10|6.0
2019-09-10|03:21:00|0.17|0.0|0.0|12.69|20.4|0.171|24.6|37.9|mb____|6.0|100|0|1.3|1016.9|0.0|30|175|s|1|2|10|6.0
2019-09-10|03:22:00|0.18|0.0|0.0|12.69|20.4|0.171|24.6|37.9|mb____|6.0|100|0|1.3|1016.9|0.0|30|175|s|1|2|10|6.0
2019-09-10|03:23:00|0.16|0.0|0.0|12.69|20.38|0.171|24.6|37.9|mb____|6.0|100|0|1.3|1016.9|0.0|30|175|s|1|2|10|6.0
2019-09-10|03:24:00|0.18|0.0|0.0|12.69|20.4|0.171|24.6|37.9|mb____|6.0|100|0|1.3|1016.9|0.0|30|175|s|1|2|10|6.0
2019-09-10|03:25:00|0.16|0.0|0.0|12.69|20.36|0.171|24.6|37.9|mb____|6.1|100|0|1.3|1016.9|0.0|30|175|s|1|2|9|6.1
2019-09-10|03:26:00|0.18|0.0|0.0|12.69|20.36|0.171|24.6|37.9|mb____|6.1|100|0|1.3|1016.9|0.0|30|175|s|1|2|9|6.1
2019-09-10|03:27:00|0.16|0.0|0.0|12.69|20.38|0.171|24.6|37.9|mb____|6.1|100|0|1.3|1016.9|0.0|30|175|s|1|2|9|6.1
2019-09-10|03:28:00|0.16|0.0|0.0|12.69|20.38|0.171|24.6|37.9|mb____|6.1|100|0|1.3|1016.9|0.0|30|175|s|1|2|9|6.1
2019-09-10|03:29:00|0.17|0.0|0.0|12.69|20.35|0.171|24.6|37.9|mb____|6.1|100|0|1.3|1016.9|0.0|30|175|s|1|2|9|6.1
2019-09-10|03:30:00|0.17|0.0|0.0|12.69|20.39|0.171|24.6|37.9|mb____|6.1|100|0|1.3|1016.9|0.0|30|175|s|1|2|9|6.1
2019-09-10|03:31:00|0.17|0.0|0.0|12.69|20.35|0.171|24.6|37.9|mb____|6.1|100|0|1.3|1016.9|0.0|30|175|s|1|2|9|6.1
2019-09-10|03:32:00|0.16|0.0|0.0|12.69|20.38|0.171|24.5|37.9|mb____|6.1|100|0|1.3|1016.9|0.0|30|175|s|1|2|9|6.1
2019-09-10|03:33:00|0.16|0.0|0.0|12.69|20.35|0.171|24.6|37.9|mb____|6.1|100|0|1.3|1016.9|0.0|30|175|s|1|2|9|6.1
2019-09-10|03:34:00|0.17|0.0|0.0|12.69|20.35|0.171|24.5|37.9|mb____|6.1|100|0|1.3|1016.9|0.0|30|175|s|1|2|9|6.1
2019-09-10|03:35:00|0.16|0.0|0.0|12.69|20.35|0.171|24.6|37.9|mb____|6.1|100|0|1.3|1016.9|0.0|30|175|s|1|2|9|6.1
2019-09-10|03:36:00|0.17|0.0|0.0|12.69|20.38|0.171|24.5|37.9|mb____|6.1|100|0|1.3|1016.9|0.0|30|175|s|1|2|9|6.1
2019-09-10|03:37:00|0.16|0.0|0.0|12.69|20.35|0.171|24.5|37.9|mb____|6.1|100|0|1.3|1016.9|0.0|30|175|s|1|2|9|6.1
2019-09-10|03:38:00|0.16|0.0|0.0|12.69|20.38|0.171|24.5|37.9|mb____|6.1|100|0|1.3|1016.9|0.0|30|175|s|1|2|9|6.1
2019-09-10|03:39:00|0.16|0.0|0.0|12.69|20.35|0.171|24.5|37.9|mb____|6.1|100|0|1.3|1016.9|0.0|30|175|s|1|2|9|6.1
2019-09-10|03:40:00|0.16|0.0|0.0|12.69|20.38|0.171|24.5|37.9|mb____|6.1|100|0|1.3|1016.9|0.0|30|175|s|1|2|9|6.1
2019-09-10|03:41:00|0.16|0.0|0.0|12.69|20.34|0.171|24.5|37.9|mb____|6.1|100|0|1.3|1016.9|0.0|30|175|s|1|2|9|6.1
2019-09-10|03:42:00|0.16|0.0|0.0|12.69|20.33|0.171|24.5|37.9|mb____|6.1|100|0|1.3|1016.9|0.0|30|175|s|1|2|9|6.1
2019-09-10|03:43:00|0.18|0.0|0.0|12.69|20.38|0.171|24.6|37.9|mb____|6.1|100|0|1.3|1016.9|0.0|30|175|s|1|2|9|6.1
2019-09-10|03:44:00|0.16|0.0|0.0|12.69|20.36|0.171|24.5|37.9|mb____|6.1|100|0|1.3|1016.9|0.0|30|175|s|1|2|9|6.1
2019-09-10|03:45:00|0.16|0.0|0.0|12.69|20.35|0.171|24.6|37.9|mb____|6.1|100|0|1.3|1016.9|0.0|30|175|s|1|2|9|6.1
2019-09-10|03:46:00|0.17|0.0|0.0|12.69|20.33|0.171|24.5|37.9|mb____|6.2|100|0|1.3|1016.9|0.0|30|175|s|1|2|9|6.2
2019-09-10|03:47:00|0.16|0.0|0.0|12.69|20.35|0.171|24.5|37.9|mb____|6.2|100|0|1.3|1016.9|0.0|30|175|s|1|2|9|6.2
2019-09-10|03:48:00|0.17|0.0|0.0|12.69|20.35|0.171|24.6|37.9|mb____|6.2|100|0|1.3|1016.9|0.0|30|175|s|1|2|9|6.2
2019-09-10|03:49:00|0.18|0.0|0.0|12.69|20.36|0.171|24.5|37.9|mb____|6.2|100|0|1.3|1016.9|0.0|30|175|s|1|2|9|6.2
2019-09-10|03:50:00|0.18|0.0|0.0|12.69|20.33|0.171|24.5|37.9|mb____|6.2|100|0|1.3|1016.9|0.0|30|175|s|1|2|9|6.2
2019-09-10|03:51:00|0.17|0.0|0.0|12.69|20.33|0.171|24.5|37.9|mb____|6.2|100|0|1.3|1016.9|0.0|30|175|s|1|2|9|6.2
2019-09-10|03:52:00|0.18|0.0|0.0|12.69|20.35|0.171|24.6|37.9|mb____|6.2|100|0|1.3|1016.9|0.0|30|175|s|1|2|9|6.2
2019-09-10|03:53:00|0.18|0.0|0.0|12.68|20.32|0.171|24.5|37.9|mb____|6.2|100|0|1.3|1016.9|0.0|30|175|s|1|2|9|6.2
2019-09-10|03:54:00|0.17|0.0|0.0|12.69|20.32|0.171|24.5|37.9|mb____|6.2|100|0|1.3|1016.9|0.0|30|175|s|1|2|9|6.2
2019-09-10|03:55:00|0.16|0.0|0.0|12.69|20.34|0.171|24.5|37.9|mb____|6.2|100|0|1.3|1016.9|0.0|30|175|s|1|2|9|6.2
2019-09-10|03:56:00|0.14|0.0|0.0|12.69|20.33|0.171|24.5|37.9|mb____|6.2|100|0|1.3|1016.9|0.0|30|175|s|1|2|9|6.2
2019-09-10|03:57:00|0.18|0.0|0.0|12.69|20.34|0.171|24.5|37.9|mb____|6.2|100|0|1.3|1016.9|0.0|30|175|s|1|2|9|6.2
2019-09-10|03:58:00|0.18|0.0|0.0|12.68|20.31|0.171|24.5|37.9|mb____|6.2|100|0|1.3|1016.9|0.0|30|175|s|1|2|9|6.2
2019-09-10|03:59:00|0.15|0.0|0.0|12.69|20.34|0.171|24.5|37.9|mb____|6.2|100|0|1.3|1016.9|0.0|30|175|s|1|2|9|6.2
2019-09-10|04:00:00|0.17|0.0|0.0|12.69|20.33|0.171|24.5|37.9|mb____|6.2|100|0|1.3|1016.9|0.0|30|175|s|1|2|9|6.2
2019-09-10|04:01:00|0.18|0.0|0.0|12.69|20.34|0.171|24.5|37.9|mb____|6.2|100|0|1.3|1016.9|0.0|30|175|s|1|2|9|6.2
2019-09-10|04:02:00|0.15|0.0|0.0|12.69|20.33|0.171|24.5|37.9|mb____|6.2|100|0|1.3|1016.9|0.0|30|175|s|1|2|9|6.2
2019-09-10|04:03:00|0.16|0.0|0.0|12.69|20.34|0.171|24.5|37.9|mb____|6.2|100|0|1.3|1016.9|0.0|30|175|s|1|2|9|6.2
2019-09-10|04:04:00|0.17|0.0|0.0|12.69|20.31|0.171|24.5|37.9|mb____|6.2|100|0|1.3|1016.9|0.0|30|175|s|1|2|9|6.2
2019-09-10|04:05:00|0.17|0.0|0.0|12.68|20.3|0.171|24.5|37.9|mb____|6.2|100|0|1.3|1016.9|0.0|30|175|s|1|2|9|6.2
2019-09-10|04:06:00|0.16|0.0|0.0|12.69|20.3|0.171|24.5|37.9|mb____|6.2|100|0|1.3|1016.9|0.0|30|175|s|1|2|9|6.2
2019-09-10|04:07:00|0.17|0.0|0.0|12.69|20.32|0.171|24.5|37.9|mb____|6.2|100|0|1.3|1016.9|0.0|30|175|s|1|2|9|6.2
2019-09-10|04:08:00|0.16|0.0|0.0|12.69|20.33|0.171|24.5|37.9|mb____|6.2|100|0|1.3|1016.9|0.0|30|175|s|1|2|9|6.2
2019-09-10|04:09:00|0.16|0.0|0.0|12.69|20.32|0.171|24.5|37.9|mb____|6.2|100|0|1.3|1016.9|0.0|30|175|s|1|2|9|6.2
2019-09-10|04:10:00|0.17|0.0|0.0|12.69|20.28|0.171|24.5|37.9|nm____|6.4|100|0|1.4|1016.9|0.0|25|175|s|1|2|9|5.7
2019-09-10|04:11:00|0.15|0.0|0.0|12.69|20.32|0.171|24.5|37.9|nm____|6.4|100|0|1.4|1016.9|0.0|25|175|s|1|2|9|5.7
2019-09-10|04:12:00|0.18|0.0|0.0|12.68|20.28|0.171|24.5|37.9|nm____|6.4|100|0|1.4|1016.9|0.0|25|175|s|1|2|9|5.7
2019-09-10|04:13:00|0.17|0.0|0.0|12.69|20.31|0.171|24.5|37.9|nm____|6.4|100|0|1.4|1016.9|0.0|25|175|s|1|2|9|5.7
2019-09-10|04:14:00|0.16|0.0|0.0|12.69|20.27|0.171|24.5|37.9|nm____|6.4|100|0|1.4|1016.9|0.0|25|175|s|1|2|9|5.7
2019-09-10|04:15:00|0.17|0.0|0.0|12.69|20.3|0.171|24.5|37.9|nm____|6.4|100|0|1.4|1016.9|0.0|25|175|s|1|2|9|5.7
2019-09-10|04:16:00|0.17|0.0|0.0|12.69|20.31|0.171|24.5|37.9|nm____|6.4|100|0|1.4|1016.9|0.0|25|175|s|1|2|9|5.7
2019-09-10|04:17:00|0.16|0.0|0.0|12.68|20.28|0.171|24.5|37.9|nm____|6.4|100|0|1.4|1016.9|0.0|25|175|s|1|2|9|5.7
2019-09-10|04:18:00|0.16|0.0|0.0|12.69|20.27|0.171|24.5|37.9|nm____|6.4|100|0|1.4|1016.9|0.0|25|175|s|1|2|9|5.7
2019-09-10|04:19:00|0.16|0.0|0.0|12.69|20.3|0.171|24.5|37.9|nm____|6.4|100|0|1.4|1016.9|0.0|25|175|s|1|2|9|5.7
2019-09-10|04:20:00|0.16|0.0|0.0|12.69|20.26|0.171|24.5|37.9|mb____|6.3|100|0|1.4|1017.0|0.0|25|175|s|1|2|9|5.6
2019-09-10|04:21:00|0.15|0.0|0.0|12.68|20.29|0.171|24.5|37.9|mb____|6.3|100|0|1.4|1017.0|0.0|25|175|s|1|2|9|5.6
2019-09-10|04:22:00|0.17|0.0|0.0|12.68|20.26|0.171|24.5|37.9|mb____|6.3|100|0|1.4|1017.0|0.0|25|175|s|1|2|9|5.6
2019-09-10|04:23:00|0.16|0.0|0.0|12.68|20.28|0.171|24.5|37.9|mb____|6.3|100|0|1.4|1017.0|0.0|25|175|s|1|2|9|5.6
2019-09-10|04:24:00|0.17|0.0|0.0|12.69|20.25|0.171|24.5|37.9|mb____|6.3|100|0|1.4|1017.0|0.0|25|175|s|1|2|9|5.6
2019-09-10|04:25:00|0.16|0.0|0.0|12.69|20.25|0.171|24.5|37.9|mb____|6.3|100|0|1.4|1017.0|0.0|25|175|s|1|2|9|5.6
2019-09-10|04:26:00|0.16|0.0|0.0|12.69|20.28|0.171|24.5|37.9|mb____|6.3|100|0|1.4|1017.0|0.0|25|175|s|1|2|9|5.4
2019-09-10|04:27:00|0.16|0.0|0.0|12.69|20.26|0.171|24.5|37.9|mb____|6.3|100|0|1.4|1017.0|0.0|25|175|s|1|2|9|5.4
2019-09-10|04:28:00|0.15|0.0|0.0|12.69|20.29|0.171|24.5|37.9|mb____|6.3|100|0|1.4|1017.0|0.0|25|175|s|1|2|9|5.4
2019-09-10|04:29:00|0.17|0.0|0.0|12.69|20.24|0.171|24.5|37.9|mb____|6.3|100|0|1.4|1017.0|0.0|25|175|s|1|2|9|5.4
2019-09-10|04:30:00|0.17|0.0|0.0|12.68|20.27|0.171|24.5|37.9|mb____|6.3|100|0|1.4|1017.0|0.0|25|175|s|1|2|9|5.4
2019-09-10|04:31:00|0.15|0.0|0.0|12.69|20.27|0.171|24.5|37.9|mb____|6.3|100|0|1.4|1017.0|0.0|25|175|s|1|2|9|5.4
2019-09-10|04:32:00|0.16|0.0|0.0|12.69|20.24|0.171|24.4|37.9|mb____|6.3|100|0|1.4|1017.0|0.0|25|175|s|1|2|9|5.4
2019-09-10|04:33:00|0.16|0.0|0.0|12.69|20.27|0.171|24.4|37.9|mb____|6.3|100|0|1.4|1017.0|0.0|25|175|s|1|2|9|5.4
2019-09-10|04:34:00|0.16|0.0|0.0|12.69|20.27|0.171|24.4|37.9|mb____|6.3|100|0|1.4|1017.0|0.0|25|175|s|1|2|9|5.4
2019-09-10|04:35:00|0.16|0.0|0.0|12.69|20.23|0.171|24.4|37.9|mb____|6.3|100|0|1.4|1017.0|0.0|25|175|s|1|2|9|5.4
2019-09-10|04:36:00|0.17|0.0|0.0|12.68|20.27|0.171|24.4|37.9|mb____|6.3|100|0|1.4|1017.0|0.0|25|175|s|1|2|9|5.4
2019-09-10|04:37:00|0.18|0.0|0.0|12.68|20.24|0.171|24.4|37.9|mb____|6.3|100|0|1.4|1017.0|0.0|25|175|s|1|2|9|5.4
2019-09-10|04:38:00|0.16|0.0|0.0|12.69|20.23|0.171|24.4|37.9|mb____|6.3|100|0|1.4|1017.0|0.0|25|175|s|1|2|9|5.4
2019-09-10|04:39:00|0.16|0.0|0.0|12.69|20.25|0.171|24.4|37.9|mb____|6.3|100|0|1.4|1017.0|0.0|25|175|s|1|2|9|5.4
2019-09-10|04:40:00|0.18|0.0|0.0|12.69|20.26|0.171|24.4|37.9|mb____|6.1|100|0|1.5|1017.0|0.0|25|175|s|1|2|8|5.2
2019-09-10|04:41:00|0.17|0.0|0.0|12.68|20.26|0.171|24.4|37.9|mb____|6.1|100|0|1.5|1017.0|0.0|25|175|s|1|2|8|5.2
2019-09-10|04:42:00|0.17|0.0|0.0|12.69|20.26|0.171|24.4|37.9|mb____|6.1|100|0|1.5|1017.0|0.0|25|175|s|1|2|8|5.2
2019-09-10|04:43:00|0.18|0.0|0.0|12.68|20.25|0.171|24.4|37.9|mb____|6.1|100|0|1.5|1017.0|0.0|25|175|s|1|2|8|5.2
2019-09-10|04:44:00|0.18|0.0|0.0|12.69|20.23|0.171|24.4|37.9|mb____|6.1|100|0|1.5|1017.0|0.0|25|175|s|1|2|8|5.2
2019-09-10|04:45:00|0.18|0.0|0.0|12.69|20.25|0.171|24.4|37.9|mb____|6.1|100|0|1.5|1017.0|0.0|25|175|s|1|2|8|5.2
2019-09-10|04:46:00|0.16|0.0|0.0|12.69|20.22|0.171|24.4|37.9|mb____|6.1|100|0|1.5|1017.0|0.0|25|175|s|1|2|8|5.2
2019-09-10|04:47:00|0.17|0.0|0.0|12.69|20.22|0.171|24.4|37.9|mb____|6.1|100|0|1.5|1017.0|0.0|25|175|s|1|2|8|5.2
2019-09-10|04:48:00|0.18|0.0|0.0|12.68|20.24|0.171|24.4|37.9|mb____|6.1|100|0|1.5|1017.0|0.0|25|175|s|1|2|8|5.2
2019-09-10|04:49:00|0.16|0.0|0.0|12.68|20.24|0.171|24.4|37.9|mb____|6.1|100|0|1.5|1017.0|0.0|25|175|s|1|2|8|5.2
2019-09-10|04:50:00|0.17|0.0|0.0|12.69|20.23|0.171|24.4|37.9|mb____|6.1|100|0|1.5|1017.0|0.0|25|175|s|1|2|8|5.2
2019-09-10|04:51:00|0.18|0.0|0.0|12.69|20.23|0.171|24.4|37.9|mb____|6.1|100|0|1.5|1017.0|0.0|25|175|s|1|2|8|5.2
2019-09-10|04:52:00|0.17|0.0|0.0|12.69|20.22|0.171|24.4|37.9|mb____|6.1|100|0|1.5|1017.0|0.0|25|175|s|1|2|8|5.2
2019-09-10|04:53:00|0.2|0.0|0.0|12.69|20.23|0.171|24.4|37.9|mb____|6.1|100|0|1.5|1017.0|0.0|25|175|s|1|2|8|5.2
2019-09-10|04:54:00|0.16|0.0|0.0|12.69|20.22|0.171|24.4|37.9|mb____|6.1|100|0|1.5|1017.0|0.0|25|175|s|1|2|8|5.2
2019-09-10|04:55:00|0.18|0.0|0.0|12.68|20.24|0.171|24.4|37.9|mb____|6.1|100|0|1.5|1017.0|0.0|25|175|s|1|2|8|5.2
2019-09-10|04:56:00|0.18|0.0|0.0|12.69|20.2|0.171|24.4|37.9|mb____|6.1|100|0|1.5|1017.0|0.0|25|175|s|1|2|8|5.2
2019-09-10|04:57:00|0.16|0.0|0.0|12.68|20.21|0.171|24.4|37.9|mb____|6.1|100|0|1.5|1017.0|0.0|25|175|s|1|2|8|5.2
2019-09-10|04:58:00|0.16|0.0|0.0|12.68|20.2|0.171|24.4|37.9|mb____|6.1|100|0|1.5|1017.0|0.0|25|175|s|1|2|8|5.2
2019-09-10|04:59:00|0.18|0.0|0.0|12.69|20.23|0.171|24.4|37.9|mb____|6.1|100|0|1.5|1017.0|0.0|25|175|s|1|2|8|5.2
2019-09-10|05:00:00|0.18|0.0|0.0|12.68|20.2|0.171|24.4|37.9|mb____|6.1|100|0|1.5|1017.0|0.0|25|175|s|1|2|8|5.2
2019-09-10|05:01:00|0.16|0.0|0.0|12.68|20.2|0.171|24.4|37.9|mb____|6.1|100|0|1.5|1017.0|0.0|25|175|s|1|2|8|5.2
2019-09-10|05:02:00|0.18|0.0|0.0|12.68|20.21|0.171|24.4|37.9|mb____|6.1|100|0|1.5|1017.0|0.0|25|175|s|1|2|8|5.2
2019-09-10|05:03:00|0.16|0.0|0.0|12.69|20.2|0.171|24.4|37.8|mb____|6.1|100|0|1.5|1017.0|0.0|25|175|s|1|2|8|5.2
2019-09-10|05:04:00|0.19|0.0|0.0|12.69|20.18|0.171|24.4|37.8|mb____|6.1|100|0|1.5|1017.0|0.0|25|175|s|1|2|8|5.2
2019-09-10|05:05:00|0.18|0.0|0.0|12.69|20.21|0.171|24.4|37.8|mb____|6.1|100|0|1.5|1017.0|0.0|25|175|s|1|2|8|5.2
2019-09-10|05:06:00|0.17|0.0|0.0|12.69|20.19|0.171|24.4|37.8|mb____|6.1|100|0|1.5|1017.0|0.0|25|175|s|1|2|8|5.2
2019-09-10|05:07:00|0.16|0.0|0.0|12.69|20.19|0.171|24.4|37.8|mb____|6.1|100|0|1.5|1017.0|0.0|25|175|s|1|2|8|5.2
2019-09-10|05:08:00|0.19|0.0|0.0|12.69|20.19|0.171|24.4|37.9|mb____|6.1|100|0|1.5|1017.0|0.0|25|175|s|1|2|8|5.2
2019-09-10|05:09:00|0.16|0.0|0.0|12.69|20.17|0.171|24.4|37.9|mb____|6.1|100|0|1.5|1017.0|0.0|25|175|s|1|2|8|5.2
2019-09-10|05:10:00|0.18|0.0|0.0|12.69|20.19|0.171|24.4|37.9|mb____|5.0|100|0|1.5|1017.1|0.0|25|175|s|1|2|8|4.0
2019-09-10|05:11:00|0.16|0.0|0.0|12.69|20.18|0.171|24.4|37.9|mb____|5.0|100|0|1.5|1017.1|0.0|25|175|s|1|2|8|4.0
2019-09-10|05:12:00|0.16|0.0|0.0|12.69|20.16|0.171|24.4|37.9|mb____|5.0|100|0|1.5|1017.1|0.0|25|175|s|1|2|8|4.0
2019-09-10|05:13:00|0.16|0.0|0.0|12.69|20.2|0.171|24.4|37.9|mb____|5.0|100|0|1.5|1017.1|0.0|25|175|s|1|2|8|4.0
2019-09-10|05:14:00|0.2|0.0|0.0|12.69|20.17|0.171|24.3|37.9|mb____|5.0|100|0|1.5|1017.1|0.0|25|175|s|1|2|8|4.0
2019-09-10|05:15:00|0.17|0.0|0.0|12.68|20.17|0.171|24.4|37.9|mb____|5.0|100|0|1.5|1017.1|0.0|25|175|s|1|2|8|4.0
2019-09-10|05:16:00|0.17|0.0|0.0|12.69|20.18|0.171|24.4|37.9|mb____|5.0|100|0|1.5|1017.1|0.0|25|175|s|1|2|8|4.0
2019-09-10|05:17:00|0.18|0.0|0.0|12.68|20.17|0.171|24.3|37.9|mb____|5.0|100|0|1.5|1017.1|0.0|25|175|s|1|2|8|4.0
2019-09-10|05:18:00|0.17|0.0|0.0|12.69|20.17|0.171|24.3|37.9|mb____|5.0|100|0|1.5|1017.1|0.0|25|175|s|1|2|8|4.0
2019-09-10|05:19:00|0.18|0.0|0.0|12.69|20.17|0.171|24.3|37.9|mb____|5.0|100|0|1.5|1017.1|0.0|25|175|s|1|2|8|4.0
2019-09-10|05:20:00|0.17|0.0|0.0|12.68|20.16|0.171|24.3|37.8|mb____|5.0|100|0|1.4|1017.2|0.0|25|175|s|1|2|8|4.1
2019-09-10|05:21:00|0.17|0.0|0.0|12.68|20.18|0.171|24.3|37.8|mb____|5.0|100|0|1.4|1017.2|0.0|25|175|s|1|2|8|4.1
2019-09-10|05:22:00|0.17|0.0|0.0|12.68|20.15|0.171|24.3|37.9|mb____|5.0|100|0|1.4|1017.2|0.0|25|175|s|1|2|8|4.1
2019-09-10|05:23:00|0.18|0.0|0.0|12.68|20.15|0.171|24.3|37.8|mb____|5.0|100|0|1.4|1017.2|0.0|25|175|s|1|2|8|4.1
2019-09-10|05:24:00|0.17|0.0|0.0|12.69|20.17|0.171|24.3|37.8|mb____|5.0|100|0|1.4|1017.2|0.0|25|175|s|1|2|8|4.1
2019-09-10|05:25:00|0.18|0.0|0.0|12.69|20.14|0.171|24.3|37.8|mb____|5.0|100|0|1.4|1017.2|0.0|25|175|s|1|2|8|4.1
2019-09-10|05:26:00|0.18|0.0|0.0|12.68|20.13|0.171|24.3|37.8|mb____|5.0|100|0|1.4|1017.2|0.0|25|175|s|1|2|8|4.1
2019-09-10|05:27:00|0.19|0.0|0.0|12.68|20.14|0.171|24.3|37.8|mb____|5.0|100|0|1.4|1017.2|0.0|25|175|s|1|2|8|4.1
2019-09-10|05:28:00|0.18|0.0|0.0|12.69|20.13|0.171|24.3|37.8|mb____|5.0|100|0|1.4|1017.2|0.0|25|175|s|1|2|8|4.1
2019-09-10|05:29:00|0.16|0.0|0.0|12.69|20.15|0.171|24.4|37.8|mb____|5.0|100|0|1.4|1017.2|0.0|25|175|s|1|2|8|4.1
2019-09-10|05:30:00|0.18|0.0|0.0|12.69|20.14|0.171|24.4|37.8|nm____|4.7|100|0|1.3|1017.2|0.0|20|175|s|1|2|8|4.7
2019-09-10|05:31:00|0.19|0.0|0.0|12.68|20.16|0.171|24.4|37.8|nm____|4.7|100|0|1.3|1017.2|0.0|20|175|s|1|2|8|4.7
2019-09-10|05:32:00|0.18|0.0|0.0|12.68|20.15|0.171|24.4|37.8|nm____|4.7|100|0|1.3|1017.2|0.0|20|175|s|1|2|8|4.7
2019-09-10|05:33:00|0.19|0.0|0.0|12.68|20.16|0.171|24.4|37.8|nm____|4.7|100|0|1.3|1017.2|0.0|20|175|s|1|2|8|4.7
2019-09-10|05:34:00|0.2|0.0|0.0|12.69|20.15|0.171|24.4|37.8|nm____|4.7|100|0|1.3|1017.2|0.0|20|175|s|1|2|8|4.7
2019-09-10|05:35:00|0.2|0.0|0.0|12.68|20.16|0.227|24.4|37.8|nm____|4.7|100|0|1.3|1017.2|0.0|20|175|s|1|2|8|4.7
2019-09-10|05:36:00|0.19|0.0|0.0|12.69|20.15|0.227|24.4|37.8|nm____|4.7|100|0|1.3|1017.2|0.0|20|175|s|1|2|8|4.7
2019-09-10|05:37:00|0.2|0.0|0.0|12.69|20.15|0.227|24.4|37.8|nm____|4.7|100|0|1.3|1017.2|0.0|20|175|s|1|2|8|4.7
2019-09-10|05:38:00|0.2|0.0|0.0|12.68|20.15|0.227|24.4|37.8|nm____|4.7|100|0|1.3|1017.2|0.0|20|175|s|1|2|8|4.7
2019-09-10|05:39:00|0.23|0.0|0.0|12.69|20.14|0.227|24.4|37.7|nm____|4.7|100|0|1.3|1017.2|0.0|20|175|s|1|2|8|4.7
2019-09-10|05:40:00|0.23|0.0|0.0|12.69|20.1|0.227|24.4|37.7|nm____|4.7|100|0|1.2|1017.3|0.0|15|175|s|1|2|8|4.7
2019-09-10|05:41:00|0.21|0.0|0.0|12.69|20.12|0.227|24.4|37.7|nm____|4.7|100|0|1.2|1017.3|0.0|15|175|s|1|2|8|4.7
2019-09-10|05:42:00|0.21|0.0|0.0|12.69|20.1|0.227|24.4|37.7|nm____|4.7|100|0|1.2|1017.3|0.0|15|175|s|1|2|8|4.7
2019-09-10|05:43:00|0.21|0.0|0.0|12.68|20.11|0.227|24.4|37.7|nm____|4.7|100|0|1.2|1017.3|0.0|15|175|s|1|2|8|4.7
2019-09-10|05:44:00|0.21|0.0|0.0|12.68|20.14|0.227|24.4|37.7|nm____|4.7|100|0|1.2|1017.3|0.0|15|175|s|1|2|8|4.7
2019-09-10|05:45:00|0.2|0.0|0.0|12.69|20.13|0.227|24.4|37.7|nm____|4.7|100|0|1.2|1017.3|0.0|15|175|s|1|2|8|4.7
2019-09-10|05:46:00|0.21|0.0|0.0|12.69|20.11|0.227|24.4|37.7|nm____|4.7|100|0|1.2|1017.3|0.0|15|175|s|1|2|8|4.7
2019-09-10|05:47:00|0.19|0.0|0.0|12.68|20.13|0.227|24.4|37.7|nm____|4.7|100|0|1.2|1017.3|0.0|15|175|s|1|2|8|4.7
2019-09-10|05:48:00|0.21|0.0|0.0|12.68|20.1|0.227|24.4|37.7|nm____|4.7|100|0|1.2|1017.3|0.0|15|175|s|1|2|8|4.7
2019-09-10|05:49:00|0.22|0.0|0.0|12.68|20.09|0.227|24.4|37.7|nm____|4.7|100|0|1.2|1017.3|0.0|15|175|s|1|2|8|4.7
2019-09-10|05:50:00|0.2|0.0|0.0|12.68|20.12|0.227|24.4|37.7|nm____|4.7|100|0|1.2|1017.3|0.0|15|175|s|1|2|8|4.7
2019-09-10|05:51:00|0.2|0.0|0.0|12.68|20.09|0.227|24.4|37.7|nm____|4.7|100|0|1.2|1017.3|0.0|15|175|s|1|2|8|4.7
2019-09-10|05:52:00|0.23|0.0|0.0|12.68|20.09|0.227|24.4|37.7|nm____|4.7|100|0|1.2|1017.3|0.0|15|175|s|1|2|8|4.7
2019-09-10|05:53:00|0.24|0.0|0.0|12.68|20.09|0.227|24.4|37.7|nm____|4.7|100|0|1.2|1017.3|0.0|15|175|s|1|2|8|4.7
2019-09-10|05:54:00|0.23|0.0|0.0|12.68|20.13|0.227|24.4|37.7|nm____|4.7|100|0|1.2|1017.3|0.0|15|175|s|1|2|8|4.7
2019-09-10|05:55:00|0.24|0.0|0.0|12.68|20.1|0.227|24.4|37.7|nm____|4.7|100|0|1.2|1017.3|0.0|15|175|s|1|2|8|4.7
2019-09-10|05:56:00|0.27|0.0|0.0|12.68|20.09|0.227|24.4|37.7|nm____|4.7|100|0|1.2|1017.3|0.0|15|175|s|1|2|8|4.7
2019-09-10|05:57:00|0.29|0.0|0.0|12.69|20.08|0.227|24.4|37.7|nm____|4.7|100|0|1.2|1017.3|0.0|15|175|s|1|2|8|4.7
2019-09-10|05:58:00|0.28|0.0|0.0|12.68|20.08|0.227|24.4|37.6|nm____|4.7|100|0|1.2|1017.3|0.0|15|175|s|1|2|8|4.7
2019-09-10|05:59:00|0.32|0.0|0.0|12.68|20.09|0.227|24.4|37.7|nm____|4.7|100|0|1.2|1017.3|0.0|15|175|s|1|2|8|4.7
2019-09-10|06:00:00|0.34|0.0|0.0|12.68|20.08|0.227|24.4|37.7|nm____|4.7|100|0|1.2|1017.3|0.0|15|175|s|1|2|8|4.7
2019-09-10|06:01:00|0.38|0.0|0.0|12.68|20.11|0.227|24.4|37.7|nm____|4.7|100|0|1.2|1017.3|0.0|15|175|s|1|2|8|4.7
2019-09-10|06:02:00|0.43|0.0|0.0|12.68|20.08|0.227|24.4|37.7|nm____|4.7|100|0|1.2|1017.3|0.0|15|175|s|1|2|8|4.7
2019-09-10|06:03:00|0.47|0.0|0.0|12.68|20.08|0.227|24.4|37.7|nm____|4.7|100|0|1.2|1017.3|0.0|15|175|s|1|2|8|4.7
2019-09-10|06:04:00|0.55|0.0|0.0|12.68|20.09|0.227|24.4|37.7|nm____|4.7|100|0|1.2|1017.3|0.0|15|175|s|1|2|8|4.7
2019-09-10|06:05:00|0.64|0.0|0.0|12.68|20.11|0.227|24.4|37.7|nm____|4.7|100|0|1.2|1017.3|0.0|15|175|s|1|2|8|4.7
2019-09-10|06:06:00|0.76|0.0|0.0|12.68|20.08|0.227|24.4|37.7|nm____|4.7|100|0|1.2|1017.3|0.0|15|175|s|1|2|8|4.7
2019-09-10|06:07:00|0.88|0.0|0.0|12.68|20.11|0.227|24.4|37.7|nm____|4.7|100|0|1.2|1017.3|0.0|15|175|s|1|2|8|4.7
2019-09-10|06:08:00|1.03|0.0|0.0|12.68|20.07|0.227|24.4|37.7|nm____|4.7|100|0|1.2|1017.3|0.0|15|175|s|1|2|8|4.7
2019-09-10|06:09:00|1.28|0.0|0.0|12.68|20.1|0.227|24.4|37.7|nm____|4.7|100|0|1.2|1017.3|0.0|15|175|s|1|2|8|4.7
2019-09-10|06:10:00|1.49|0.0|0.0|12.68|20.08|0.227|24.4|37.7|nm____|4.7|100|0|1.2|1017.3|0.0|15|175|s|1|2|8|4.7
2019-09-10|06:11:00|1.65|0.0|0.0|12.68|20.09|0.227|24.4|37.7|nm____|4.8|100|0|1.1|1017.4|0.0|10|175|s|1|2|8|4.8
2019-09-10|06:12:00|1.96|0.0|0.0|12.68|20.1|0.284|24.4|37.7|nm____|4.8|100|0|1.1|1017.4|0.0|10|175|s|1|2|8|4.8
2019-09-10|06:13:00|2.31|0.0|0.0|12.68|20.09|0.284|24.4|37.6|nm____|4.8|100|0|1.1|1017.4|0.0|10|175|s|1|2|8|4.8
2019-09-10|06:14:00|2.72|0.0|0.0|12.68|20.08|0.284|24.5|37.6|nm____|4.8|100|0|1.1|1017.4|0.0|10|175|s|1|2|8|4.8
2019-09-10|06:15:00|3.21|0.0|0.0|12.68|20.09|0.284|24.5|37.6|nm____|4.8|100|0|1.1|1017.4|0.0|10|175|s|1|2|8|4.8
2019-09-10|06:16:00|3.76|0.0|0.0|12.68|20.1|0.341|24.5|37.6|nm____|4.8|100|0|1.1|1017.4|0.0|10|175|s|1|2|8|4.8
2019-09-10|06:17:00|4.4|0.0|0.0|12.68|20.05|0.341|24.5|37.6|nm____|4.8|100|0|1.1|1017.4|0.0|10|175|s|1|2|8|4.8
2019-09-10|06:18:00|5.13|0.0|0.0|12.68|20.08|0.398|24.4|37.6|nm____|4.8|100|0|1.1|1017.4|0.0|10|175|s|1|2|8|4.8
2019-09-10|06:19:00|6.0|0.0|0.0|12.68|20.07|0.455|24.5|37.6|nm____|4.8|100|0|1.1|1017.4|0.0|10|175|s|1|2|8|4.8
2019-09-10|06:20:00|7.01|0.0|0.0|12.68|20.06|0.512|24.4|37.6|nm____|4.8|100|0|1.1|1017.5|0.0|10|175|s|1|2|9|4.8
2019-09-10|06:21:00|8.2|0.0|0.0|12.68|20.05|0.569|24.4|37.5|nm____|4.8|100|0|1.1|1017.5|0.0|10|175|s|1|2|9|4.8
2019-09-10|06:22:00|9.56|0.0|0.0|12.68|20.05|0.626|24.4|37.5|nm____|4.8|100|0|1.1|1017.5|0.0|10|175|s|1|2|9|4.8
2019-09-10|06:23:00|11.13|0.0|0.0|12.69|20.08|0.739|24.4|37.6|nm____|4.8|100|0|1.1|1017.5|0.0|10|175|s|1|2|9|4.8
2019-09-10|06:24:00|12.66|0.0|0.0|12.69|20.05|0.91|24.4|37.5|nm____|4.8|100|0|1.1|1017.5|0.0|10|175|s|1|2|9|4.8
2019-09-10|06:25:00|12.82|0.0|0.0|12.68|20.07|1.024|24.4|37.5|nm____|4.8|100|0|1.1|1017.5|0.0|10|175|s|1|2|9|4.8
2019-09-10|06:26:00|12.92|0.0|0.0|12.7|20.04|1.251|24.4|37.5|nm____|4.8|100|0|1.1|1017.5|0.0|10|175|s|1|2|9|4.8
2019-09-10|06:27:00|15.47|0.01|0.25|12.69|20.04|1.479|24.4|37.6|nm____|4.8|100|0|1.1|1017.5|0.0|10|175|s|1|2|9|4.8
2019-09-10|06:28:00|14.58|0.01|0.38|12.68|20.03|1.706|24.4|37.6|nm____|4.8|100|0|1.1|1017.5|0.0|10|175|s|1|2|9|4.8
2019-09-10|06:29:00|13.9|0.02|0.25|12.68|20.07|2.047|24.4|37.6|nm____|4.8|100|0|1.1|1017.5|0.0|10|175|s|1|2|9|4.8
2019-09-10|06:30:00|13.6|0.01|0.38|12.68|20.02|2.389|24.4|37.6|nm____|4.8|100|0|1.1|1017.5|0.0|10|175|s|1|2|9|4.8
2019-09-10|06:31:00|13.6|0.01|0.25|12.67|20.05|2.844|24.4|37.6|nm____|4.8|100|0|1.1|1017.5|0.0|10|175|s|1|2|9|4.8
2019-09-10|06:32:00|13.61|0.02|0.5|12.68|20.06|3.355|24.4|37.6|nm____|4.8|100|0|1.1|1017.5|0.0|10|175|s|1|2|9|4.8
2019-09-10|06:33:00|13.65|0.02|0.25|12.68|20.05|3.981|24.4|37.6|nm____|4.8|100|0|1.1|1017.5|0.0|10|175|s|1|2|9|4.8
2019-09-10|06:34:00|13.63|0.04|0.38|12.68|20.06|4.606|24.4|37.6|nm____|4.8|100|0|1.1|1017.5|0.0|10|175|s|1|2|9|4.8
2019-09-10|06:35:00|13.63|0.01|0.5|12.68|20.06|5.346|24.4|37.6|nm____|4.8|100|0|1.1|1017.5|0.0|10|175|s|1|2|9|4.8
2019-09-10|06:36:00|13.64|0.0|0.5|12.68|20.05|6.142|24.4|37.6|nm____|4.8|100|0|1.1|1017.5|0.0|10|175|s|1|2|9|4.8
2019-09-10|06:37:00|13.66|0.01|0.76|12.68|20.02|7.052|24.4|37.5|nm____|4.8|100|0|1.1|1017.5|0.0|10|175|s|1|2|9|4.8
2019-09-10|06:38:00|13.64|0.0|0.25|12.68|20.04|8.132|24.4|37.6|nm____|4.8|100|0|1.1|1017.5|0.0|10|175|s|1|2|9|4.8
2019-09-10|06:39:00|13.67|0.02|0.12|12.68|20.02|9.327|24.4|37.6|nm____|4.8|100|0|1.1|1017.5|0.0|10|175|s|1|2|9|4.8
2019-09-10|06:40:00|13.66|0.02|0.5|12.68|20.03|10.521|24.4|37.6|nm____|4.9|100|0|1.1|1017.6|0.0|10|175|s|1|2|9|4.9
2019-09-10|06:41:00|13.67|0.02|0.12|12.67|20.05|11.772|24.4|37.6|nm____|4.9|100|0|1.1|1017.6|0.0|10|175|s|1|2|9|4.9
2019-09-10|06:42:00|13.65|0.02|0.63|12.68|20.05|13.137|24.4|37.6|nm____|4.9|100|0|1.1|1017.6|0.0|10|175|s|1|2|9|4.9
2019-09-10|06:43:00|13.66|0.0|0.38|12.67|20.04|14.672|24.4|37.6|nm____|4.9|100|0|1.1|1017.6|0.0|10|175|s|1|2|9|4.9
2019-09-10|06:44:00|13.67|0.02|0.12|12.68|20.03|16.322|24.4|37.6|nm____|4.9|100|0|1.1|1017.6|0.0|10|175|s|1|2|9|4.9
2019-09-10|06:45:00|13.67|0.0|0.38|12.67|20.02|18.085|24.4|37.5|nm____|4.9|100|0|1.1|1017.6|0.0|10|175|s|1|2|9|4.9
2019-09-10|06:46:00|13.67|0.02|0.76|12.68|20.02|19.848|24.4|37.5|nm____|4.9|100|0|1.1|1017.6|0.0|10|175|s|1|2|9|4.9
2019-09-10|06:47:00|13.68|0.02|0.12|12.68|20.03|21.781|24.4|37.5|nm____|4.9|100|0|1.1|1017.6|0.0|10|175|s|1|2|9|4.9
2019-09-10|06:48:00|13.7|0.04|0.5|12.67|20.0|23.829|24.4|37.5|nm____|4.9|100|0|1.1|1017.6|0.0|10|175|s|1|2|9|4.9
2019-09-10|06:49:00|13.69|0.0|0.12|12.68|20.02|25.876|24.4|37.5|nm____|4.9|100|0|1.1|1017.6|0.0|10|175|s|1|2|9|4.9
2019-09-10|06:50:00|13.69|0.02|0.5|12.68|20.01|28.264|24.5|37.5|nm____|4.9|100|0|1.1|1017.6|0.0|10|175|s|1|2|9|4.9
2019-09-10|06:51:00|13.69|0.03|0.63|12.68|20.01|30.653|24.5|37.5|nm____|4.9|100|0|1.1|1017.6|0.0|10|175|s|1|2|9|4.9
2019-09-10|06:52:00|13.7|0.03|0.25|12.67|20.01|33.326|24.4|37.5|nm____|4.9|100|0|1.1|1017.6|0.0|10|175|s|1|2|9|4.9
2019-09-10|06:53:00|13.68|0.05|0.76|12.68|20.03|36.056|24.4|37.5|nm____|4.9|100|0|1.1|1017.6|0.0|10|175|s|1|2|9|4.9
2019-09-10|06:54:00|13.71|0.03|0.5|12.68|20.02|38.956|24.4|37.5|nm____|4.9|100|0|1.1|1017.6|0.0|10|175|s|1|2|9|4.9
2019-09-10|06:55:00|13.71|0.0|0.63|12.68|20.02|41.856|24.4|37.5|nm____|4.9|100|0|1.1|1017.6|0.0|10|175|s|1|2|9|4.9
2019-09-10|06:56:00|13.73|0.02|0.63|12.68|20.03|44.472|24.4|37.5|nm____|4.9|100|0|1.1|1017.6|0.0|10|175|s|1|2|9|4.9
2019-09-10|06:57:00|13.71|0.01|0.38|12.68|20.03|47.088|24.4|37.5|nm____|4.9|100|0|1.1|1017.6|0.0|10|175|s|1|2|9|4.9
2019-09-10|06:58:00|13.72|0.05|0.5|12.69|20.01|49.818|24.4|37.5|nm____|4.9|100|0|1.1|1017.6|0.0|10|175|s|1|2|9|4.9
2019-09-10|06:59:00|13.7|0.02|0.25|12.69|20.0|51.979|24.4|37.5|nm____|4.9|100|0|1.1|1017.6|0.0|10|175|s|1|2|9|4.9
2019-09-10|07:00:00|13.7|0.06|0.38|12.69|20.0|54.026|24.4|37.5|nm____|4.9|100|0|1.1|1017.6|0.0|10|175|s|1|2|9|4.9
2019-09-10|07:01:00|13.71|0.0|0.25|12.68|20.02|56.017|24.4|37.5|nm____|4.9|100|0|1.1|1017.6|0.0|10|175|s|1|2|9|4.9
2019-09-10|07:02:00|13.7|0.02|0.88|12.69|19.98|57.894|24.4|37.4|nm____|4.9|100|0|1.1|1017.6|0.0|10|175|s|1|2|9|4.9
2019-09-10|07:03:00|13.72|0.03|0.76|12.69|20.02|59.77|24.4|37.4|nm____|4.9|100|0|1.1|1017.6|0.0|10|175|s|1|2|9|4.9
2019-09-10|07:04:00|13.73|0.06|0.88|12.69|20.02|61.988|24.4|37.4|nm____|4.9|100|0|1.1|1017.6|0.0|10|175|s|1|2|9|4.9
2019-09-10|07:05:00|13.74|0.04|1.01|12.69|20.01|64.661|24.4|37.5|nm____|4.9|100|0|1.1|1017.6|0.0|10|175|s|1|2|9|4.9
2019-09-10|07:06:00|13.72|0.03|0.76|12.69|20.0|68.358|24.4|37.4|nm____|4.9|100|0|1.1|1017.6|0.0|10|175|s|1|2|9|4.9
2019-09-10|07:07:00|13.76|0.05|0.63|12.69|20.0|72.225|24.4|37.4|nm____|4.9|100|0|1.1|1017.6|0.0|10|175|s|1|2|9|4.9
2019-09-10|07:08:00|13.72|0.04|0.38|12.69|19.99|74.329|24.4|37.4|nm____|4.9|100|0|1.1|1017.6|0.0|10|175|s|1|2|9|4.9
2019-09-10|07:09:00|13.75|0.07|1.14|12.69|19.98|74.272|24.4|37.4|nm____|4.9|100|0|1.1|1017.6|0.0|10|175|s|1|2|9|4.9
2019-09-10|07:10:00|13.72|0.03|0.5|12.69|19.98|75.012|24.4|37.4|nm____|4.9|100|0|1.1|1017.6|0.0|10|175|s|1|2|9|4.9
2019-09-10|07:11:00|13.76|0.08|0.63|12.69|19.98|78.026|24.4|37.4|ns____|5.0|100|55|1.1|1017.7|0.0|10|175|s|1|2|10|5.0
2019-09-10|07:12:00|13.76|0.05|1.14|12.7|19.98|80.244|24.5|37.4|ns____|5.0|100|55|1.1|1017.7|0.0|10|175|s|1|2|10|5.0
2019-09-10|07:13:00|13.77|0.07|0.88|12.7|20.0|83.03|24.4|37.4|ns____|5.0|100|55|1.1|1017.7|0.0|10|175|s|1|2|10|5.0
2019-09-10|07:14:00|13.76|0.06|0.76|12.7|19.99|86.727|24.5|37.4|ns____|5.0|100|55|1.1|1017.7|0.0|10|175|s|1|2|10|5.0
2019-09-10|07:15:00|13.76|0.06|1.39|12.7|19.96|90.423|24.5|37.4|ns____|5.0|100|55|1.1|1017.7|0.0|10|175|s|1|2|10|5.0
2019-09-10|07:16:00|13.73|0.11|1.27|12.7|19.95|91.561|24.5|37.4|ns____|5.0|100|55|1.1|1017.7|0.0|10|175|s|1|2|10|5.0
2019-09-10|07:17:00|13.75|0.05|1.39|12.7|19.97|91.902|24.4|37.5|ns____|5.0|100|55|1.1|1017.7|0.0|10|175|s|1|2|10|5.0
2019-09-10|07:18:00|13.77|0.09|1.01|12.7|20.0|94.518|24.5|37.4|ns____|5.0|100|55|1.1|1017.7|0.0|10|175|s|1|2|10|5.0
2019-09-10|07:19:00|13.78|0.09|1.39|12.7|20.0|98.84|24.5|37.4|ns____|5.0|100|55|1.1|1017.7|0.0|10|175|s|1|2|10|5.0
2019-09-10|07:20:00|13.79|0.09|0.63|12.71|19.96|102.025|24.5|37.4|ns____|5.0|100|55|1.1|1017.7|0.0|10|175|s|1|2|10|5.0
2019-09-10|07:21:00|13.76|0.07|0.63|12.71|19.96|103.105|24.5|37.4|ns____|5.2|100|70|1.1|1017.7|0.0|20|175|s|1|2|10|5.2
2019-09-10|07:22:00|13.77|0.11|0.88|12.71|19.98|102.309|24.5|37.4|ns____|5.2|100|70|1.1|1017.7|0.0|20|175|s|1|2|10|5.2
2019-09-10|07:23:00|13.78|0.11|1.01|12.71|19.96|102.65|24.5|37.4|ns____|5.2|100|70|1.1|1017.7|0.0|20|175|s|1|2|10|5.2
2019-09-10|07:24:00|13.77|0.08|1.01|12.71|19.96|106.461|24.5|37.4|ns____|5.2|100|70|1.1|1017.7|0.0|20|175|s|1|2|10|5.2
2019-09-10|07:25:00|13.74|0.06|1.52|12.71|19.97|107.484|24.5|37.4|ns____|5.3|100|60|1.1|1017.7|0.0|25|175|s|1|2|10|5.3
2019-09-10|07:26:00|13.78|0.06|1.52|12.71|19.95|107.655|24.5|37.3|ns____|5.3|100|60|1.1|1017.7|0.0|25|175|s|1|2|10|5.3
2019-09-10|07:27:00|40.9|0.0|0.63|12.72|19.96|108.849|24.5|37.3|ns____|5.3|100|60|1.1|1017.7|0.0|25|175|s|1|2|10|5.3
2019-09-10|07:28:00|23.4|0.06|1.39|12.73|19.96|110.043|24.5|37.3|ns____|5.3|100|60|1.1|1017.7|0.0|25|175|s|1|2|10|5.3
2019-09-10|07:29:00|17.1|0.1|1.78|12.72|19.98|110.953|24.5|37.1|ns____|5.3|100|60|1.1|1017.7|0.0|25|175|s|1|2|10|5.3
2019-09-10|07:30:00|13.78|0.07|1.14|12.72|19.95|112.034|24.5|37.1|ns____|5.3|100|60|1.1|1017.7|0.0|25|175|s|1|2|10|5.3
2019-09-10|07:31:00|13.78|0.08|1.27|12.72|19.94|113.228|24.5|36.9|ns____|5.3|100|60|1.1|1017.7|0.0|25|175|s|1|2|10|5.3
2019-09-10|07:32:00|13.8|0.07|1.01|12.72|19.97|116.299|24.5|36.8|ns____|5.3|100|60|1.1|1017.7|0.0|25|175|s|1|2|10|5.3
2019-09-10|07:33:00|13.8|0.11|1.14|12.73|19.95|119.086|24.5|36.6|ns____|5.3|100|60|1.1|1017.7|0.0|25|175|s|1|2|10|5.3
2019-09-10|07:34:00|13.8|0.11|1.39|12.72|19.95|121.019|24.5|36.5|ns____|5.3|100|60|1.1|1017.7|0.0|25|175|s|1|2|10|5.3
2019-09-10|07:35:00|13.8|0.11|1.01|12.72|19.98|122.384|24.5|36.4|ns____|5.3|100|60|1.1|1017.7|0.0|25|175|s|1|2|10|5.3
2019-09-10|07:36:00|13.81|0.11|1.01|12.72|19.94|122.782|24.5|36.1|ns____|5.3|100|60|1.1|1017.7|0.0|25|175|s|1|2|10|5.3
2019-09-10|07:37:00|13.82|0.09|1.65|12.73|19.97|122.214|24.5|36.1|ns____|5.3|100|60|1.1|1017.7|0.0|25|175|s|1|2|10|5.3
2019-09-10|07:38:00|13.8|0.07|1.14|12.73|19.94|122.214|24.5|35.9|ns____|5.3|100|60|1.1|1017.7|0.0|25|175|s|1|2|10|5.3
2019-09-10|07:39:00|13.81|0.11|1.14|12.73|19.99|121.417|24.5|35.8|ns____|5.3|100|60|1.1|1017.7|0.0|25|175|s|1|2|10|5.3
2019-09-10|07:40:00|13.81|0.1|1.78|12.73|19.96|123.124|24.5|35.7|ns____|5.5|100|75|1.2|1017.8|0.0|30|175|s|1|2|11|5.5
2019-09-10|07:41:00|13.82|0.08|1.01|12.73|19.99|124.375|24.5|35.6|ns____|5.5|100|75|1.2|1017.8|0.0|30|175|s|1|2|11|5.5
2019-09-10|07:42:00|13.83|0.12|1.9|12.72|19.97|126.763|24.5|35.5|ns____|5.5|100|75|1.2|1017.8|0.0|30|175|s|1|2|11|5.5
2019-09-10|07:43:00|13.83|0.08|1.78|12.73|19.94|128.924|24.5|35.4|ns____|5.5|100|75|1.2|1017.8|0.0|30|175|s|1|2|11|5.5
2019-09-10|07:44:00|13.84|0.11|2.03|12.74|19.97|130.972|24.5|35.4|ns____|5.5|100|75|1.2|1017.8|0.0|30|175|s|1|2|11|5.5
2019-09-10|07:45:00|13.85|0.12|1.52|12.74|19.99|131.597|24.5|35.4|ns____|5.5|100|75|1.2|1017.8|0.0|30|175|s|1|2|11|5.5
2019-09-10|07:46:00|13.84|0.13|1.78|12.74|19.94|132.791|24.5|35.3|ns____|5.5|100|75|1.2|1017.8|0.0|30|175|s|1|2|11|5.5
2019-09-10|07:47:00|13.83|0.14|1.91|12.74|19.94|133.986|24.5|35.3|ns____|5.5|100|75|1.2|1017.8|0.0|30|175|s|1|2|11|5.5
2019-09-10|07:48:00|13.83|0.14|1.91|12.74|19.95|135.407|24.5|35.3|ns____|5.5|100|75|1.2|1017.8|0.0|30|175|s|1|2|11|5.5
2019-09-10|07:49:00|13.86|0.15|1.65|12.75|19.97|136.602|24.5|35.3|ns____|5.5|100|75|1.2|1017.8|0.0|30|175|s|1|2|11|5.5
2019-09-10|07:50:00|13.87|0.11|2.16|12.75|19.98|138.763|24.5|35.2|ns____|5.5|100|75|1.2|1017.8|0.0|30|175|s|1|2|11|5.5
2019-09-10|07:51:00|13.87|0.13|1.65|12.76|19.96|138.706|24.5|35.1|ns____|5.5|100|75|1.2|1017.8|0.0|30|175|s|1|2|11|5.5
2019-09-10|07:52:00|13.88|0.12|2.29|12.75|19.95|141.777|24.5|35.1|ns____|5.5|100|75|1.2|1017.8|0.0|30|175|s|1|2|11|5.5
2019-09-10|07:53:00|13.87|0.16|1.53|12.75|19.96|142.004|24.5|35.0|ns____|5.5|100|75|1.2|1017.8|0.0|30|175|s|1|2|11|5.5
2019-09-10|07:54:00|13.88|0.13|1.78|12.76|19.96|142.687|24.5|35.0|ns____|5.5|100|75|1.2|1017.8|0.0|30|175|s|1|2|11|5.5
2019-09-10|07:55:00|13.88|0.13|2.16|12.76|19.96|142.118|24.5|35.0|ns____|5.5|100|75|1.2|1017.8|0.0|30|175|s|1|2|11|5.5
2019-09-10|07:56:00|13.87|0.17|2.04|12.77|19.94|142.346|24.4|35.0|ns____|5.5|100|75|1.2|1017.8|0.0|30|175|s|1|2|11|5.5
2019-09-10|07:57:00|13.89|0.14|2.17|12.77|19.92|144.848|24.4|35.0|ns____|5.5|100|75|1.2|1017.8|0.0|30|175|s|1|2|11|5.5
2019-09-10|07:58:00|13.9|0.15|2.29|12.77|19.93|144.564|24.4|35.0|ns____|5.5|100|75|1.2|1017.8|0.0|30|175|s|1|2|11|5.5
2019-09-10|07:59:00|13.88|0.15|2.68|12.77|19.95|147.407|24.5|35.1|ns____|5.5|100|75|1.2|1017.8|0.0|30|175|s|1|2|11|5.5
2019-09-10|08:00:00|13.9|0.16|1.91|12.78|19.96|147.919|24.5|35.0|ns____|5.5|100|75|1.2|1017.8|0.0|30|175|s|1|2|11|5.5
2019-09-10|08:01:00|13.92|0.15|2.3|12.78|19.95|149.341|24.5|35.0|ns____|5.5|100|75|1.2|1017.8|0.0|30|175|s|1|2|11|5.5
2019-09-10|08:02:00|13.9|0.17|2.17|12.78|19.94|150.649|24.5|35.0|ns____|5.5|100|75|1.2|1017.8|0.0|30|175|s|1|2|11|5.5
2019-09-10|08:03:00|13.92|0.12|2.68|12.78|19.93|150.535|24.5|35.0|ns____|5.5|100|75|1.2|1017.8|0.0|30|175|s|1|2|11|5.5
2019-09-10|08:04:00|13.9|0.18|2.3|12.78|19.95|149.796|24.4|34.9|ns____|5.5|100|75|1.2|1017.8|0.0|30|175|s|1|2|11|5.5
2019-09-10|08:05:00|13.91|0.16|2.68|12.79|19.96|152.468|24.4|34.9|ns____|5.5|100|75|1.2|1017.8|0.0|30|175|s|1|2|11|5.5
2019-09-10|08:06:00|13.92|0.17|2.68|12.79|19.93|152.412|24.5|34.9|ns____|5.5|100|75|1.2|1017.8|0.0|30|175|s|1|2|11|5.5
2019-09-10|08:07:00|13.9|0.19|2.68|12.79|19.93|152.241|24.5|34.8|ns____|5.5|100|75|1.2|1017.8|0.0|30|175|s|1|2|11|5.5
2019-09-10|08:08:00|13.92|0.16|2.04|12.79|19.93|153.776|24.5|34.8|ns____|5.5|100|75|1.2|1017.8|0.0|30|175|s|1|2|11|5.5
2019-09-10|08:09:00|13.94|0.16|2.56|12.8|19.95|151.615|24.5|34.8|ns____|5.5|100|75|1.2|1017.8|0.0|30|175|s|1|2|11|5.5
2019-09-10|08:10:00|13.94|0.14|2.04|12.8|19.95|148.658|24.5|34.8|wb____|6.0|100|135|1.3|1017.8|0.0|25|175|s|1|3|12|6.0
2019-09-10|08:11:00|13.93|0.15|1.92|12.8|19.94|146.327|24.5|34.8|wb____|6.0|100|135|1.3|1017.8|0.0|25|175|s|1|3|12|6.0
2019-09-10|08:12:00|13.94|0.17|2.3|12.8|19.94|145.075|24.5|34.8|wb____|6.0|100|135|1.3|1017.8|0.0|25|175|s|1|3|12|6.0
2019-09-10|08:13:00|13.92|0.19|2.68|12.8|19.92|145.075|24.5|34.7|wb____|6.0|100|135|1.3|1017.8|0.0|25|175|s|1|3|12|6.0
2019-09-10|08:14:00|13.95|0.18|2.3|12.8|19.94|144.962|24.5|34.8|wb____|6.0|100|135|1.3|1017.8|0.0|25|175|s|1|3|12|6.0
2019-09-10|08:15:00|13.95|0.14|2.04|12.81|19.93|145.075|24.5|34.7|wb____|6.0|100|135|1.3|1017.8|0.0|25|175|s|1|3|12|6.0
2019-09-10|08:16:00|13.91|0.14|2.04|12.81|19.95|144.962|24.5|34.7|wb____|6.0|100|135|1.3|1017.8|0.0|25|175|s|1|3|12|6.0
2019-09-10|08:17:00|13.94|0.2|2.3|12.81|19.97|144.962|24.5|34.7|wb____|6.0|100|135|1.3|1017.8|0.0|25|175|s|1|3|12|6.0
2019-09-10|08:18:00|13.94|0.17|2.43|12.81|19.92|144.962|24.5|34.7|wb____|6.0|100|135|1.3|1017.8|0.0|25|175|s|1|3|12|6.0
2019-09-10|08:19:00|13.95|0.17|2.81|12.81|19.95|144.848|24.5|34.7|wb____|6.0|100|135|1.3|1017.8|0.0|25|175|s|1|3|12|6.0
2019-09-10|08:20:00|13.96|0.21|2.3|12.82|19.95|145.644|24.5|34.7|wb____|6.4|100|140|1.3|1017.8|0.0|25|175|s|1|3|13|6.4
2019-09-10|08:21:00|13.97|0.18|3.07|12.82|19.94|146.099|24.5|34.8|wb____|6.4|100|140|1.3|1017.8|0.0|25|175|s|1|3|13|6.4
2019-09-10|08:22:00|13.96|0.2|3.07|12.82|19.93|147.123|24.6|34.8|wb____|6.4|100|140|1.3|1017.8|0.0|25|175|s|1|3|13|6.4
2019-09-10|08:23:00|13.96|0.18|2.94|12.82|19.94|148.089|24.6|34.7|wb____|6.4|100|140|1.3|1017.8|0.0|25|175|s|1|3|13|6.4
2019-09-10|08:24:00|13.99|0.19|2.56|12.83|19.97|148.886|24.6|34.7|wb____|6.4|100|140|1.3|1017.8|0.0|25|175|s|1|3|13|6.4
2019-09-10|08:25:00|14.0|0.18|2.18|12.83|19.94|151.104|24.6|34.8|wb____|6.4|100|140|1.3|1017.8|0.0|25|175|s|1|3|13|6.4
2019-09-10|08:26:00|13.98|0.18|2.69|12.84|19.96|153.037|24.6|34.8|wb____|6.4|100|140|1.3|1017.8|0.0|25|175|s|1|3|13|6.4
2019-09-10|08:27:00|13.99|0.18|2.56|12.83|19.98|151.672|24.6|34.8|wb____|6.4|100|140|1.3|1017.8|0.0|25|175|s|1|3|13|6.4
2019-09-10|08:28:00|42.7|0.06|1.92|12.84|19.95|152.298|24.6|34.8|wb____|6.4|100|140|1.3|1017.8|0.0|25|175|s|1|3|13|6.4
2019-09-10|08:29:00|27.25|0.16|5.4|12.87|19.92|151.729|24.6|34.8|wb____|6.4|100|140|1.3|1017.8|0.0|25|175|s|1|3|13|6.4
2019-09-10|08:30:00|16.59|0.21|3.47|12.87|19.96|151.729|24.6|34.9|wb____|6.7|100|115|1.2|1017.8|0.0|30|175|s|1|2|10|6.7
2019-09-10|08:31:00|14.01|0.2|2.7|12.86|19.96|152.298|24.6|34.8|wb____|6.7|100|115|1.2|1017.8|0.0|30|175|s|1|2|10|6.7
2019-09-10|08:32:00|14.03|0.19|2.95|12.86|19.94|153.947|24.6|34.9|wb____|6.7|100|115|1.2|1017.8|0.0|30|175|s|1|2|10|6.7
2019-09-10|08:33:00|14.01|0.21|2.44|12.86|19.96|150.08|24.6|34.9|wb____|6.7|100|115|1.2|1017.8|0.0|30|175|s|1|2|10|6.7
2019-09-10|08:34:00|14.02|0.21|2.05|12.86|19.95|150.649|24.6|34.9|wb____|6.7|100|115|1.2|1017.8|0.0|30|175|s|1|2|10|6.7
2019-09-10|08:35:00|14.02|0.22|2.95|12.86|19.98|150.478|24.6|34.9|wb____|6.7|100|115|1.2|1017.8|0.0|30|175|s|1|2|10|6.7
2019-09-10|08:36:00|14.01|0.2|3.21|12.87|19.98|149.966|24.6|35.0|wb____|6.7|100|115|1.2|1017.8|0.0|30|175|s|1|2|10|6.7
2019-09-10|08:37:00|14.03|0.22|3.08|12.87|19.99|152.355|24.6|35.0|wb____|6.7|100|115|1.2|1017.8|0.0|30|175|s|1|2|10|6.7
2019-09-10|08:38:00|14.03|0.16|2.83|12.87|19.96|155.596|24.6|35.0|wb____|6.7|100|115|1.2|1017.8|0.0|30|175|s|1|2|10|6.7
2019-09-10|08:39:00|14.03|0.21|3.47|12.87|19.99|161.909|24.7|35.0|wb____|6.7|100|115|1.2|1017.8|0.0|30|175|s|1|2|10|6.7
2019-09-10|08:40:00|14.04|0.21|3.21|12.87|20.0|158.667|24.7|35.0|wb____|7.3|100|110|1.3|1017.8|0.0|30|175|s|1|3|12|6.7
2019-09-10|08:41:00|14.04|0.24|3.08|12.87|19.99|162.25|24.7|35.0|wb____|7.3|100|110|1.3|1017.8|0.0|30|175|s|1|3|12|6.7
2019-09-10|08:42:00|14.03|0.22|2.96|12.88|19.95|162.25|24.7|35.0|wb____|7.3|100|110|1.3|1017.8|0.0|30|175|s|1|3|12|6.7
2019-09-10|08:43:00|14.03|0.22|3.34|12.87|19.95|157.587|24.7|35.0|wb____|7.3|100|110|1.3|1017.8|0.0|30|175|s|1|3|12|6.7
2019-09-10|08:44:00|14.02|0.17|2.57|12.88|19.97|155.824|24.7|35.0|wb____|7.3|100|110|1.3|1017.8|0.0|30|175|s|1|3|12|6.7
2019-09-10|08:45:00|14.03|0.19|2.44|12.88|19.96|156.62|24.7|35.1|wb____|7.3|100|110|1.3|1017.8|0.0|30|175|s|1|3|12|6.7
2019-09-10|08:46:00|14.02|0.22|3.48|12.88|19.98|159.35|24.7|35.0|wb____|7.3|100|110|1.3|1017.8|0.0|30|175|s|1|3|12|6.7
2019-09-10|08:47:00|14.05|0.22|2.31|12.88|20.0|162.193|24.7|35.1|wb____|7.3|100|110|1.3|1017.8|0.0|30|175|s|1|3|12|6.7
2019-09-10|08:48:00|14.05|0.22|2.83|12.89|19.98|159.35|24.7|35.1|wb____|7.3|100|110|1.3|1017.8|0.0|30|175|s|1|3|12|6.7
2019-09-10|08:49:00|14.03|0.18|3.6|12.88|19.96|160.26|24.7|35.1|wb____|7.3|100|110|1.3|1017.8|0.0|30|175|s|1|3|12|6.7
2019-09-10|08:50:00|14.03|0.15|3.6|12.89|19.98|161.738|24.7|35.1|wb____|7.3|100|110|1.3|1017.8|0.0|30|175|s|1|3|12|6.7
2019-09-10|08:51:00|14.02|0.19|3.09|12.88|19.98|161.909|24.7|35.1|wb____|7.3|100|110|1.3|1017.8|0.0|30|175|s|1|3|12|6.7
2019-09-10|08:52:00|14.03|0.14|3.22|12.88|19.99|167.141|24.7|35.1|wb____|7.3|100|110|1.3|1017.8|0.0|30|175|s|1|3|12|6.7
2019-09-10|08:53:00|14.04|0.17|2.7|12.89|19.99|170.439|24.7|35.1|wb____|7.3|100|110|1.3|1017.8|0.0|30|175|s|1|3|12|6.7
2019-09-10|08:54:00|14.03|0.22|2.96|12.88|19.99|172.544|24.8|35.1|wb____|7.3|100|110|1.3|1017.8|0.0|30|175|s|1|3|12|6.7
2019-09-10|08:55:00|14.03|0.22|2.32|12.88|19.98|172.942|24.8|35.1|wb____|7.3|100|110|1.3|1017.8|0.0|30|175|s|1|3|12|6.7
2019-09-10|08:56:00|14.03|0.18|2.44|12.89|19.97|172.999|24.8|35.1|wb____|7.3|100|110|1.3|1017.8|0.0|30|175|s|1|3|12|6.7
2019-09-10|08:57:00|14.05|0.15|2.06|12.89|19.98|173.624|24.8|35.1|wb____|7.3|100|110|1.3|1017.8|0.0|30|175|s|1|3|12|6.7
2019-09-10|08:58:00|14.03|0.16|1.93|12.88|20.0|172.828|24.8|35.2|wb____|7.3|100|110|1.3|1017.8|0.0|30|175|s|1|3|12|6.7
2019-09-10|08:59:00|14.02|0.14|2.44|12.88|20.01|172.657|24.8|35.1|wb____|7.3|100|110|1.3|1017.8|0.0|30|175|s|1|3|12|6.7
2019-09-10|09:00:00|14.02|0.16|1.8|12.88|19.96|171.634|24.8|35.2|wb____|7.3|100|110|1.3|1017.8|0.0|30|175|s|1|3|12|6.7
2019-09-10|09:01:00|14.04|0.19|2.19|12.88|20.01|171.179|24.8|35.2|wb____|7.3|100|110|1.3|1017.8|0.0|30|175|s|1|3|12|6.7
2019-09-10|09:02:00|14.02|0.14|2.7|12.88|20.01|171.179|24.8|35.2|wb____|7.3|100|110|1.3|1017.8|0.0|30|175|s|1|3|12|6.7
2019-09-10|09:03:00|14.0|0.18|2.31|12.88|20.01|171.008|24.9|35.3|wb____|7.3|100|110|1.3|1017.8|0.0|30|175|s|1|3|12|6.7
2019-09-10|09:04:00|14.02|0.11|2.31|12.88|20.01|169.643|24.9|35.2|wb____|7.3|100|110|1.3|1017.8|0.0|30|175|s|1|3|12|6.7
2019-09-10|09:05:00|14.0|0.11|2.7|12.88|20.0|167.88|24.9|35.3|wb____|7.3|100|110|1.3|1017.8|0.0|30|175|s|1|3|12|6.7
2019-09-10|09:06:00|13.99|0.19|1.67|12.87|20.01|169.075|24.9|35.2|wb____|7.3|100|110|1.3|1017.8|0.0|30|175|s|1|3|12|6.7
2019-09-10|09:07:00|14.0|0.18|2.18|12.87|19.99|169.018|24.9|35.3|wb____|7.3|100|110|1.3|1017.8|0.0|30|175|s|1|3|12|6.7
2019-09-10|09:08:00|14.0|0.14|2.31|12.87|20.0|168.506|24.9|35.2|wb____|7.3|100|110|1.3|1017.8|0.0|30|175|s|1|3|12|6.7
2019-09-10|09:09:00|14.02|0.18|2.44|12.87|20.02|170.724|24.9|35.2|wb____|7.3|100|110|1.3|1017.8|0.0|30|175|s|1|3|12|6.7
2019-09-10|09:10:00|14.02|0.21|2.44|12.87|19.99|170.781|24.9|35.2|wb____|7.3|100|110|1.3|1017.8|0.0|30|175|s|1|3|12|6.7
2019-09-10|09:11:00|14.02|0.17|2.83|12.88|20.02|171.52|24.9|35.2|wb____|8.3|95|175|1.6|1017.7|0.0|30|70|o|2|3|15|7.6
2019-09-10|09:12:00|14.04|0.15|2.57|12.88|20.02|171.008|24.9|35.3|wb____|8.3|95|175|1.6|1017.7|0.0|30|70|o|2|3|15|7.6
2019-09-10|09:13:00|14.0|0.18|2.83|12.88|20.0|169.984|24.9|35.3|wb____|8.3|95|175|1.6|1017.7|0.0|30|70|o|2|3|15|7.6
2019-09-10|09:14:00|14.03|0.15|2.44|12.88|20.02|170.894|24.9|35.3|wb____|8.3|95|175|1.6|1017.7|0.0|30|70|o|2|3|15|7.6
2019-09-10|09:15:00|14.02|0.22|2.96|12.88|19.99|170.383|24.9|35.3|wb____|8.3|95|175|1.6|1017.7|0.0|30|70|o|2|3|15|7.6
2019-09-10|09:16:00|14.03|0.17|2.18|12.88|20.01|171.804|24.9|35.3|wb____|8.3|95|175|1.6|1017.7|0.0|30|70|o|2|3|15|7.6
2019-09-10|09:17:00|14.05|0.19|2.31|12.88|20.0|174.477|24.9|35.3|wb____|8.3|95|175|1.6|1017.7|0.0|30|70|o|2|3|15|7.6
2019-09-10|09:18:00|14.05|0.23|2.83|12.89|20.02|174.307|24.9|35.4|wb____|8.3|95|175|1.6|1017.7|0.0|30|70|o|2|3|15|7.6
2019-09-10|09:19:00|14.03|0.22|2.57|12.89|20.03|171.861|24.9|35.4|wb____|8.3|95|175|1.6|1017.7|0.0|30|70|o|2|3|15|7.6
2019-09-10|09:20:00|14.06|0.16|2.96|12.9|20.0|173.112|24.9|35.5|wb____|8.8|95|290|1.6|1017.7|0.0|25|70|o|2|3|16|8.1
2019-09-10|09:21:00|14.09|0.25|2.83|12.9|20.0|173.055|25.0|35.5|wb____|8.8|95|290|1.6|1017.7|0.0|25|70|o|2|3|16|8.1
2019-09-10|09:22:00|14.08|0.26|3.09|12.91|20.04|173.795|25.0|35.5|wb____|8.8|95|290|1.6|1017.7|0.0|25|70|o|2|3|16|8.1
2019-09-10|09:23:00|14.09|0.25|3.35|12.91|20.04|174.705|25.0|35.5|wb____|8.8|95|290|1.6|1017.7|0.0|25|70|o|2|3|16|8.1
2019-09-10|09:24:00|14.1|0.22|2.84|12.91|20.01|175.899|25.0|35.5|wb____|8.8|95|290|1.6|1017.7|0.0|25|70|o|2|3|16|8.1
2019-09-10|09:25:00|14.1|0.22|2.84|12.92|20.02|175.899|25.0|35.5|wb____|8.8|95|290|1.6|1017.7|0.0|25|70|o|2|3|16|8.1
2019-09-10|09:26:00|14.11|0.27|3.23|12.93|20.01|174.875|25.0|35.5|wb____|8.8|95|290|1.6|1017.7|0.0|25|70|o|2|3|16|8.1
2019-09-10|09:27:00|14.14|0.21|3.1|12.93|20.04|175.16|25.0|35.5|wb____|8.8|95|290|1.6|1017.7|0.0|25|70|o|2|3|16|8.1
2019-09-10|09:28:00|14.1|0.22|3.49|12.92|20.01|175.103|25.0|35.5|wb____|8.8|95|290|1.6|1017.7|0.0|25|70|o|2|3|16|8.1
2019-09-10|09:29:00|34.89|0.19|6.22|12.95|20.01|173.852|25.0|35.5|wb____|8.8|95|290|1.6|1017.7|0.0|25|70|o|2|3|16|8.1
2019-09-10|09:30:00|25.94|0.21|5.31|12.97|20.05|173.908|25.0|35.5|wb____|8.8|95|290|1.6|1017.7|0.0|25|70|o|2|3|16|8.1
2019-09-10|09:31:00|16.01|0.24|3.11|12.96|20.03|170.951|25.1|35.5|wb____|9.2|95|385|1.7|1017.7|0.0|20|70|o|2|2|12|8.5
2019-09-10|09:32:00|14.13|0.21|3.88|12.96|20.04|177.378|25.1|35.5|wb____|9.2|95|385|1.7|1017.7|0.0|20|70|o|2|2|12|8.5
2019-09-10|09:33:00|14.15|0.24|3.11|12.96|20.03|177.434|25.1|35.5|wb____|9.2|95|385|1.7|1017.7|0.0|20|70|o|2|2|12|8.5
2019-09-10|09:34:00|14.14|0.25|3.1|12.96|20.06|176.468|25.1|35.5|wb____|9.2|95|385|1.7|1017.7|0.0|20|70|o|2|2|12|8.5
2019-09-10|09:35:00|14.12|0.26|3.36|12.95|20.07|176.354|25.1|35.5|wb____|9.2|95|385|1.7|1017.7|0.0|20|70|o|2|2|12|8.5
2019-09-10|09:36:00|14.12|0.21|3.62|12.96|20.06|176.581|25.1|35.5|wb____|9.2|95|385|1.7|1017.7|0.0|20|70|o|2|2|12|8.5
2019-09-10|09:37:00|14.14|0.24|3.88|12.96|20.07|177.093|25.1|35.5|wb____|9.2|95|385|1.7|1017.7|0.0|20|70|o|2|2|12|8.5
2019-09-10|09:38:00|14.12|0.21|3.49|12.96|20.06|177.889|25.1|35.6|wb____|9.2|95|385|1.7|1017.7|0.0|20|70|o|2|2|12|8.5
2019-09-10|09:39:00|14.13|0.23|3.23|12.95|20.08|176.126|25.1|35.6|wb____|9.2|95|385|1.7|1017.7|0.0|20|70|o|2|2|12|8.5
2019-09-10|09:40:00|14.14|0.23|3.23|12.95|20.08|174.591|25.1|35.6|wb____|9.2|95|385|1.7|1017.7|0.0|20|70|o|2|2|12|8.5
2019-09-10|09:41:00|14.1|0.23|2.84|12.95|20.08|173.852|25.1|35.7|wb____|9.2|95|385|1.7|1017.7|0.0|20|70|o|2|2|12|8.5
2019-09-10|09:42:00|14.12|0.18|3.1|12.96|20.07|170.951|25.1|35.7|wb____|9.2|95|385|1.7|1017.7|0.0|20|70|o|2|2|12|8.5
2019-09-10|09:43:00|14.11|0.24|2.85|12.96|20.08|172.771|25.1|35.7|wb____|9.2|95|385|1.7|1017.7|0.0|20|70|o|2|2|12|8.5
2019-09-10|09:44:00|14.14|0.21|3.24|12.95|20.07|174.875|25.1|35.8|wb____|9.2|95|385|1.7|1017.7|0.0|20|70|o|2|2|12|8.5
2019-09-10|09:45:00|14.14|0.19|2.98|12.96|20.07|174.136|25.1|35.8|wb____|9.8|90|380|1.8|1017.6|0.0|25|65|no|2|3|14|9.1
2019-09-10|09:46:00|14.15|0.25|2.85|12.95|20.09|174.875|25.1|35.8|wb____|9.8|90|380|1.8|1017.6|0.0|25|65|no|2|3|14|9.1
2019-09-10|09:47:00|14.14|0.2|2.85|12.96|20.09|174.648|25.1|35.8|wb____|9.8|90|380|1.8|1017.6|0.0|25|65|no|2|3|14|9.1
2019-09-10|09:48:00|14.15|0.23|3.36|12.97|20.06|174.762|25.2|35.9|wb____|9.8|90|380|1.8|1017.6|0.0|25|65|no|2|3|14|9.1
2019-09-10|09:49:00|14.14|0.21|3.88|12.96|20.06|174.25|25.2|35.9|wb____|9.8|90|380|1.8|1017.6|0.0|25|65|no|2|3|14|9.1
2019-09-10|09:50:00|14.16|0.21|3.36|12.96|20.1|175.103|25.2|35.9|wb____|9.8|90|380|1.8|1017.6|0.0|25|65|no|2|3|14|9.1
2019-09-10|09:51:00|14.16|0.26|3.63|12.98|20.11|176.126|25.2|35.9|wb____|9.8|90|380|1.8|1017.6|0.0|25|65|no|2|3|14|9.1
2019-09-10|09:52:00|14.17|0.27|4.02|12.97|20.1|176.524|25.2|35.9|wb____|9.8|90|380|1.8|1017.6|0.0|25|65|no|2|3|14|9.1
2019-09-10|09:53:00|14.18|0.28|3.5|12.98|20.11|177.036|25.2|36.0|wb____|9.8|90|380|1.8|1017.6|0.0|25|65|no|2|3|14|9.1
2019-09-10|09:54:00|14.17|0.26|4.02|12.98|20.11|176.468|25.2|35.9|wb____|9.8|90|380|1.8|1017.6|0.0|25|65|no|2|3|14|9.1
2019-09-10|09:55:00|14.19|0.26|3.89|12.99|20.12|176.297|25.2|36.0|wb____|9.8|90|380|1.8|1017.6|0.0|25|65|no|2|3|14|9.1
2019-09-10|09:56:00|14.19|0.27|3.76|12.98|20.09|176.524|25.2|35.9|wb____|9.8|90|380|1.8|1017.6|0.0|25|65|no|2|3|14|9.1
2019-09-10|09:57:00|14.18|0.28|3.5|12.99|20.13|175.33|25.2|35.9|wb____|9.8|90|380|1.8|1017.6|0.0|25|65|no|2|3|14|9.1
2019-09-10|09:58:00|14.19|0.26|4.15|12.98|20.12|176.126|25.2|35.9|wb____|9.8|90|380|1.8|1017.6|0.0|25|65|no|2|3|14|9.1
2019-09-10|09:59:00|14.18|0.3|4.42|12.99|20.1|175.046|25.2|35.9|wb____|9.8|90|380|1.8|1017.6|0.0|25|65|no|2|3|14|9.1
2019-09-10|10:00:00|14.2|0.27|3.51|12.99|20.11|174.818|25.2|35.9|wb____|9.8|90|380|1.8|1017.6|0.0|25|65|no|2|3|14|9.1
2019-09-10|10:01:00|14.18|0.29|3.5|12.99|20.12|175.33|25.2|35.9|wb____|9.8|90|380|1.8|1017.6|0.0|25|65|no|2|3|14|9.1
2019-09-10|10:02:00|14.2|0.25|3.5|13.0|20.1|174.648|25.2|35.9|wb____|9.8|90|380|1.8|1017.6|0.0|25|65|no|2|3|14|9.1
2019-09-10|10:03:00|14.21|0.25|3.9|12.99|20.14|174.193|25.2|35.9|wb____|9.8|90|380|1.8|1017.6|0.0|25|65|no|2|3|14|9.1
2019-09-10|10:04:00|14.19|0.28|3.5|12.99|20.13|174.932|25.2|35.9|wb____|9.8|90|380|1.8|1017.6|0.0|25|65|no|2|3|14|9.1
2019-09-10|10:05:00|14.2|0.28|4.03|12.99|20.16|174.022|25.2|35.9|wb____|9.8|90|380|1.8|1017.6|0.0|25|65|no|2|3|14|9.1
2019-09-10|10:06:00|14.2|0.28|3.77|13.0|20.15|172.771|25.3|35.9|wb____|9.8|90|380|1.8|1017.6|0.0|25|65|no|2|3|14|9.1
2019-09-10|10:07:00|14.2|0.27|3.64|13.0|20.13|173.738|25.3|35.9|wb____|9.8|90|380|1.8|1017.6|0.0|25|65|no|2|3|14|9.1
2019-09-10|10:08:00|14.2|0.26|4.03|13.0|20.12|175.16|25.3|36.0|wb____|9.8|90|380|1.8|1017.6|0.0|25|65|no|2|3|14|9.1
2019-09-10|10:09:00|14.21|0.24|4.16|13.0|20.12|176.923|25.3|36.0|wb____|9.8|90|380|1.8|1017.6|0.0|25|65|no|2|3|14|9.1
2019-09-10|10:10:00|14.22|0.25|3.64|13.0|20.11|177.036|25.3|36.0|wb____|11.0|90|305|2.0|1017.5|0.0|30|65|no|2|3|18|11.0
2019-09-10|10:11:00|14.2|0.29|3.77|13.0|20.12|178.401|25.3|36.0|wb____|11.0|90|305|2.0|1017.5|0.0|30|65|no|2|3|18|11.0
2019-09-10|10:12:00|14.2|0.27|3.64|13.01|20.14|177.832|25.3|36.0|wb____|11.0|90|305|2.0|1017.5|0.0|30|65|no|2|3|18|11.0
2019-09-10|10:13:00|14.22|0.26|3.64|13.01|20.12|178.742|25.3|36.0|wb____|11.0|90|305|2.0|1017.5|0.0|30|65|no|2|3|18|11.0
2019-09-10|10:14:00|14.22|0.29|4.29|13.01|20.16|178.97|25.3|36.0|wb____|11.0|90|305|2.0|1017.5|0.0|30|65|no|2|3|18|11.0
2019-09-10|10:15:00|14.23|0.3|4.68|13.01|20.14|181.757|25.3|36.0|wb____|11.0|90|305|2.0|1017.5|0.0|30|65|no|2|3|18|11.0
2019-09-10|10:16:00|14.25|0.31|4.42|13.03|20.14|183.235|25.3|36.0|wb____|11.0|90|305|2.0|1017.5|0.0|30|65|no|2|3|18|11.0
2019-09-10|10:17:00|14.26|0.32|4.69|13.03|20.18|186.192|25.3|36.0|wb____|11.0|90|305|2.0|1017.5|0.0|30|65|no|2|3|18|11.0
2019-09-10|10:18:00|14.28|0.35|4.95|13.03|20.18|187.898|25.3|36.0|wb____|11.0|90|305|2.0|1017.5|0.0|30|65|no|2|3|18|11.0
2019-09-10|10:19:00|14.27|0.31|5.08|13.04|20.17|185.567|25.3|36.0|wb____|11.0|90|305|2.0|1017.5|0.0|30|65|no|2|3|18|11.0
2019-09-10|10:20:00|14.26|0.32|4.56|13.04|20.17|185.282|25.4|36.0|wb____|11.4|85|295|2.0|1017.5|0.0|30|65|no|2|3|19|11.4
2019-09-10|10:21:00|14.28|0.31|4.56|13.04|20.16|186.192|25.4|36.0|wb____|11.4|85|295|2.0|1017.5|0.0|30|65|no|2|3|19|11.4
2019-09-10|10:22:00|14.25|0.31|4.43|13.04|20.15|188.069|25.4|36.0|wb____|11.4|85|295|2.0|1017.5|0.0|30|65|no|2|3|19|11.4
2019-09-10|10:23:00|14.25|0.28|4.3|13.04|20.17|188.467|25.4|36.0|wb____|11.4|85|295|2.0|1017.5|0.0|30|65|no|2|3|19|11.4
2019-09-10|10:24:00|14.23|0.27|3.52|13.03|20.17|182.951|25.4|36.0|wb____|11.4|85|295|2.0|1017.5|0.0|30|65|no|2|3|19|11.4
2019-09-10|10:25:00|14.23|0.23|3.9|13.03|20.19|182.098|25.4|36.0|wb____|11.4|85|295|2.0|1017.5|0.0|30|65|no|2|3|19|11.4
2019-09-10|10:26:00|14.22|0.26|3.51|13.03|20.16|186.136|25.4|36.0|wb____|11.4|85|295|2.0|1017.5|0.0|30|65|no|2|3|19|11.4
2019-09-10|10:27:00|14.2|0.22|3.25|13.02|20.21|184.145|25.4|36.0|wb____|11.4|85|295|2.0|1017.5|0.0|30|65|no|2|3|19|11.4
2019-09-10|10:28:00|14.2|0.22|3.25|13.02|20.2|186.363|25.4|36.0|wb____|11.4|85|295|2.0|1017.5|0.0|30|65|no|2|3|19|11.4
2019-09-10|10:29:00|14.21|0.26|3.64|13.01|20.19|185.51|25.5|36.0|wb____|11.4|85|295|2.0|1017.5|0.0|30|65|no|2|3|19|11.4
2019-09-10|10:30:00|21.95|0.22|4.43|13.03|20.21|185.737|25.5|36.1|wb____|11.8|85|325|1.8|1017.4|0.0|25|65|no|2|3|15|11.8
2019-09-10|10:31:00|24.11|0.21|4.95|13.05|20.18|185.794|25.5|36.0|wb____|11.8|85|325|1.8|1017.4|0.0|25|65|no|2|3|15|11.8
2019-09-10|10:32:00|15.34|0.25|3.78|13.04|20.17|185.794|25.5|36.0|wb____|11.8|85|325|1.8|1017.4|0.0|25|65|no|2|3|15|11.8
2019-09-10|10:33:00|14.2|0.22|3.64|13.04|20.22|186.306|25.5|36.0|wb____|11.8|85|325|1.8|1017.4|0.0|25|65|no|2|3|15|11.8
2019-09-10|10:34:00|14.18|0.23|3.25|13.02|20.22|183.633|25.5|35.9|wb____|11.8|85|325|1.8|1017.4|0.0|25|65|no|2|3|15|11.8
2019-09-10|10:35:00|14.2|0.22|3.38|13.03|20.21|185.851|25.5|35.9|wb____|11.8|85|325|1.8|1017.4|0.0|25|65|no|2|3|15|11.8
2019-09-10|10:36:00|14.2|0.22|3.12|13.02|20.19|185.851|25.5|35.9|wb____|11.8|85|325|1.8|1017.4|0.0|25|65|no|2|3|15|11.8
2019-09-10|10:37:00|14.19|0.22|3.25|13.01|20.22|185.624|25.5|35.9|wb____|11.8|85|325|1.8|1017.4|0.0|25|65|no|2|3|15|11.8
