Date|Time|Voltage(V)|Current(A)|Power(W)|Battery Voltage(V)|Ambient Temp.(°C)|Light Int.(lux)|Temperature sensor(°C)|Humidity sensor(RH)|Weather condition|Temperature WetterOnline(°C)|Humidity WetterOnline(RH)|Global radiation(W/m^2)|Wind's speed(m/s)|Ground pressure(hPa)|Rainfall(mm)|Rainfall's possibility(%)
2019-08-13|00:00:00|0.17|0.0|0.0|12.71|24.04|0.0|28.2|43.3|mdr2__|15.6|95|0|2.8|1018.4|3.5|90
2019-08-13|00:01:00|0.18|0.0|0.0|12.71|24.02|0.0|28.2|43.2|mdr2__|15.6|95|0|2.8|1018.4|3.5|90
2019-08-13|00:02:00|0.16|0.0|0.0|12.71|24.02|0.0|28.2|43.3|mdr2__|15.6|95|0|2.8|1018.4|3.5|90
2019-08-13|00:03:00|0.19|0.0|0.0|12.71|24.01|0.0|28.2|43.2|mdr2__|15.6|95|0|2.8|1018.4|3.5|90
2019-08-13|00:04:00|0.17|0.0|0.0|12.71|24.03|0.0|28.2|43.3|mdr2__|15.6|95|0|2.8|1018.4|3.5|90
2019-08-13|00:05:00|0.18|0.0|0.0|12.7|24.0|0.0|28.2|43.3|mdr2__|15.6|95|0|2.8|1018.4|3.5|90
2019-08-13|00:06:00|0.19|0.0|0.0|12.71|24.05|0.0|28.2|43.3|mdr2__|15.6|95|0|2.8|1018.4|3.5|90
2019-08-13|00:07:00|0.17|0.0|0.0|12.71|24.03|0.0|28.2|43.3|mdr2__|15.6|95|0|2.8|1018.4|3.5|90
2019-08-13|00:08:00|0.19|0.0|0.0|12.71|24.04|0.0|28.2|43.3|mdr2__|15.6|95|0|2.8|1018.4|3.5|90
2019-08-13|00:09:00|0.17|0.0|0.0|12.71|24.04|0.0|28.2|43.3|mdr2__|15.6|95|0|2.8|1018.4|3.5|90
2019-08-13|00:10:00|0.18|0.0|0.0|12.7|24.03|0.0|28.2|43.3|mdr2__|15.5|95|0|3.0|1018.6|0.7|90
2019-08-13|00:11:00|0.17|0.0|0.0|12.71|24.03|0.0|28.2|43.3|mdr2__|15.5|95|0|3.0|1018.6|0.7|90
2019-08-13|00:12:00|0.18|0.0|0.0|12.71|24.04|0.0|28.2|43.3|mdr2__|15.5|95|0|3.0|1018.6|0.7|90
2019-08-13|00:13:00|0.18|0.0|0.0|12.7|24.04|0.0|28.2|43.3|mdr2__|15.5|95|0|3.0|1018.6|0.7|90
2019-08-13|00:14:00|0.18|0.0|0.0|12.71|24.01|0.0|28.2|43.3|mdr2__|15.5|95|0|3.0|1018.6|0.7|90
2019-08-13|00:15:00|0.18|0.0|0.0|12.71|24.01|0.0|28.2|43.3|mdr2__|15.5|95|0|3.0|1018.6|0.7|90
2019-08-13|00:16:00|0.2|0.0|0.0|12.7|24.0|0.0|28.2|43.3|mdr2__|15.5|95|0|3.0|1018.6|0.7|90
2019-08-13|00:17:00|0.19|0.0|0.0|12.71|24.03|0.0|28.2|43.4|mdr2__|15.5|95|0|3.0|1018.6|0.7|90
2019-08-13|00:18:00|0.18|0.0|0.0|12.71|24.03|0.0|28.2|43.3|mdr2__|15.5|95|0|3.0|1018.6|0.7|90
2019-08-13|00:19:00|0.19|0.0|0.0|12.71|23.97|0.0|28.2|43.3|mdr2__|15.5|95|0|3.0|1018.6|0.7|90
2019-08-13|00:20:00|0.2|0.0|0.0|12.71|23.98|0.0|28.2|43.4|mdr1__|15.5|95|0|3.1|1018.6|0.3|80
2019-08-13|00:21:00|0.18|0.0|0.0|12.71|23.99|0.0|28.2|43.3|mdr1__|15.5|95|0|3.1|1018.6|0.3|80
2019-08-13|00:22:00|0.17|0.0|0.0|12.71|23.98|0.0|28.2|43.4|mdr1__|15.5|95|0|3.1|1018.6|0.3|80
2019-08-13|00:23:00|0.18|0.0|0.0|12.71|24.01|0.0|28.2|43.4|mdr1__|15.5|95|0|3.1|1018.6|0.3|80
2019-08-13|00:24:00|0.18|0.0|0.0|12.71|23.99|0.0|28.2|43.4|mdr1__|15.5|95|0|3.1|1018.6|0.3|80
2019-08-13|00:25:00|0.16|0.0|0.0|12.71|24.02|0.0|28.2|43.3|mdr1__|15.5|95|0|3.1|1018.6|0.3|80
2019-08-13|00:26:00|0.18|0.0|0.0|12.71|23.98|0.0|28.2|43.3|mdr1__|15.5|95|0|3.1|1018.6|0.3|80
2019-08-13|00:27:00|0.19|0.0|0.0|12.71|24.01|0.0|28.2|43.3|mdr1__|15.5|95|0|3.1|1018.6|0.3|80
2019-08-13|00:28:00|0.19|0.0|0.0|12.71|24.0|0.0|28.2|43.4|mdr1__|15.5|95|0|3.1|1018.6|0.3|80
2019-08-13|00:29:00|0.19|0.0|0.0|12.71|23.99|0.0|28.2|43.3|mdr1__|15.5|95|0|3.1|1018.6|0.3|80
2019-08-13|00:30:00|0.18|0.0|0.0|12.71|23.97|0.0|28.2|43.3|mdr2__|15.5|95|0|3.2|1018.7|0.5|85
2019-08-13|00:31:00|0.19|0.0|0.0|12.71|23.99|0.0|28.2|43.3|mdr2__|15.5|95|0|3.2|1018.7|0.5|85
2019-08-13|00:32:00|0.18|0.0|0.0|12.71|23.97|0.0|28.2|43.3|mdr2__|15.5|95|0|3.2|1018.7|0.5|85
2019-08-13|00:33:00|0.19|0.0|0.0|12.71|24.0|0.0|28.2|43.3|mdr2__|15.5|95|0|3.2|1018.7|0.5|85
2019-08-13|00:34:00|0.2|0.0|0.0|12.71|23.99|0.0|28.2|43.3|mdr2__|15.5|95|0|3.2|1018.7|0.5|85
2019-08-13|00:35:00|0.19|0.0|0.0|12.71|23.98|0.0|28.2|43.3|mdr2__|15.5|95|0|3.2|1018.7|0.5|85
2019-08-13|00:36:00|0.19|0.0|0.0|12.71|23.96|0.0|28.2|43.4|mdr2__|15.5|95|0|3.2|1018.7|0.5|85
2019-08-13|00:37:00|0.2|0.0|0.0|12.71|23.99|0.0|28.2|43.3|mdr2__|15.5|95|0|3.2|1018.7|0.5|85
2019-08-13|00:38:00|0.19|0.0|0.0|12.71|24.0|0.0|28.2|43.4|mdr2__|15.5|95|0|3.2|1018.7|0.5|85
2019-08-13|00:39:00|0.18|0.0|0.0|12.71|23.96|0.0|28.2|43.3|mdr2__|15.5|95|0|3.2|1018.7|0.5|85
2019-08-13|00:40:00|0.2|0.0|0.0|12.71|23.96|0.0|28.2|43.3|mdr2__|15.4|95|0|3.3|1018.7|1.0|90
2019-08-13|00:41:00|0.2|0.0|0.0|12.7|24.0|0.0|28.2|43.3|mdr2__|15.4|95|0|3.3|1018.7|1.0|90
2019-08-13|00:42:00|0.2|0.0|0.0|12.71|23.95|0.0|28.2|43.4|mdr2__|15.4|95|0|3.3|1018.7|1.0|90
2019-08-13|00:43:00|0.21|0.0|0.0|12.71|24.0|0.0|28.2|43.4|mdr2__|15.4|95|0|3.3|1018.7|1.0|90
2019-08-13|00:44:00|0.21|0.0|0.0|12.71|23.98|0.0|28.2|43.3|mdr2__|15.4|95|0|3.3|1018.7|1.0|90
2019-08-13|00:45:00|0.22|0.0|0.0|12.71|23.99|0.0|28.2|43.4|mdr2__|15.4|95|0|3.3|1018.7|1.0|90
2019-08-13|00:46:00|0.22|0.0|0.0|12.71|23.98|0.0|28.2|43.4|mdr2__|15.4|95|0|3.3|1018.7|1.0|90
2019-08-13|00:47:00|0.23|0.0|0.0|12.71|23.94|0.0|28.2|43.4|mdr2__|15.4|95|0|3.3|1018.7|1.0|90
2019-08-13|00:48:00|0.23|0.0|0.0|12.71|23.98|0.0|28.2|43.5|mdr2__|15.4|95|0|3.3|1018.7|1.0|90
2019-08-13|00:49:00|0.22|0.0|0.0|12.71|23.98|0.0|28.2|43.4|mdr2__|15.4|95|0|3.3|1018.7|1.0|90
2019-08-13|00:50:00|0.24|0.0|0.0|12.7|23.98|0.0|28.2|43.5|mdr2__|15.4|95|0|3.3|1018.7|1.0|90
2019-08-13|00:51:00|0.24|0.0|0.0|12.71|23.98|0.0|28.2|43.4|mdr2__|15.4|95|0|3.3|1018.7|1.0|90
2019-08-13|00:52:00|0.22|0.0|0.0|12.71|23.99|0.0|28.1|43.5|mdr2__|15.4|95|0|3.3|1018.7|1.0|90
2019-08-13|00:53:00|0.23|0.0|0.0|12.71|23.96|0.0|28.1|43.4|mdr2__|15.4|95|0|3.3|1018.7|1.0|90
2019-08-13|00:54:00|0.21|0.0|0.0|12.7|23.93|0.0|28.1|43.5|mdr2__|15.4|95|0|3.3|1018.7|1.0|90
2019-08-13|00:55:00|0.2|0.0|0.0|12.71|23.95|0.0|28.1|43.5|mdr2__|15.4|95|0|3.3|1018.7|1.0|90
2019-08-13|00:56:00|0.19|0.0|0.0|12.71|23.98|0.0|28.1|43.5|mdr2__|15.4|95|0|3.3|1018.7|1.0|90
2019-08-13|00:57:00|0.19|0.0|0.0|12.7|23.98|0.0|28.1|43.5|mdr2__|15.4|95|0|3.3|1018.7|1.0|90
2019-08-13|00:58:00|0.2|0.0|0.0|12.71|23.96|0.0|28.1|43.5|mdr2__|15.4|95|0|3.3|1018.7|1.0|90
2019-08-13|00:59:00|0.18|0.0|0.0|12.71|23.97|0.0|28.1|43.6|mdr2__|15.4|95|0|3.3|1018.7|1.0|90
2019-08-13|01:00:00|0.17|0.0|0.0|12.7|23.92|0.0|28.1|43.6|mdr2__|15.4|95|0|3.3|1018.7|1.0|90
2019-08-13|01:01:00|0.16|0.0|0.0|12.71|23.97|0.0|28.1|43.6|mdr2__|15.4|95|0|3.3|1018.7|1.0|90
2019-08-13|01:02:00|0.18|0.0|0.0|12.71|23.93|0.0|28.1|43.6|mdr2__|15.4|95|0|3.3|1018.7|1.0|90
2019-08-13|01:03:00|0.2|0.0|0.0|12.71|23.96|0.0|28.1|43.6|mdr2__|15.4|95|0|3.3|1018.7|1.0|90
2019-08-13|01:04:00|0.16|0.0|0.0|12.71|23.96|0.0|28.1|43.6|mdr2__|15.4|95|0|3.3|1018.7|1.0|90
2019-08-13|01:05:00|0.15|0.0|0.0|12.71|23.97|0.0|28.1|43.6|mdr2__|15.4|95|0|3.3|1018.7|1.0|90
2019-08-13|01:06:00|0.17|0.0|0.0|12.71|23.94|0.0|28.1|43.6|mdr2__|15.4|95|0|3.3|1018.7|1.0|90
2019-08-13|01:07:00|0.16|0.0|0.0|12.71|23.92|0.0|28.1|43.6|mdr2__|15.4|95|0|3.3|1018.7|1.0|90
2019-08-13|01:08:00|0.17|0.0|0.0|12.71|23.97|0.0|28.1|43.6|mdr2__|15.4|95|0|3.3|1018.7|1.0|90
2019-08-13|01:09:00|0.16|0.0|0.0|12.71|23.96|0.0|28.1|43.6|mdr2__|15.4|95|0|3.3|1018.7|1.0|90
2019-08-13|01:10:00|0.17|0.0|0.0|12.71|23.93|0.0|28.1|43.6|mdr2__|15.3|90|0|3.5|1018.8|3.6|90
2019-08-13|01:11:00|0.16|0.0|0.0|12.71|23.91|0.0|28.1|43.6|mdr2__|15.3|90|0|3.5|1018.8|3.6|90
2019-08-13|01:12:00|0.2|0.0|0.0|12.71|23.91|0.0|28.1|43.6|mdr2__|15.3|90|0|3.5|1018.8|3.6|90
2019-08-13|01:13:00|0.16|0.0|0.0|12.71|23.92|0.0|28.1|43.6|mdr2__|15.3|90|0|3.5|1018.8|3.6|90
2019-08-13|01:14:00|0.16|0.0|0.0|12.71|23.95|0.0|28.1|43.6|mdr2__|15.3|90|0|3.5|1018.8|3.6|90
2019-08-13|01:15:00|0.16|0.0|0.0|12.71|23.93|0.0|28.1|43.6|mdr2__|15.3|90|0|3.5|1018.8|3.6|90
2019-08-13|01:16:00|0.18|0.0|0.0|12.7|23.92|0.0|28.1|43.6|mdr2__|15.3|90|0|3.5|1018.8|3.6|90
2019-08-13|01:17:00|0.18|0.0|0.0|12.71|23.95|0.0|28.1|43.6|mdr2__|15.3|90|0|3.5|1018.8|3.6|90
2019-08-13|01:18:00|0.16|0.0|0.0|12.71|23.94|0.0|28.1|43.5|mdr2__|15.3|90|0|3.5|1018.8|3.6|90
2019-08-13|01:19:00|0.18|0.0|0.0|12.71|23.9|0.0|28.1|43.6|mdr2__|15.3|90|0|3.5|1018.8|3.6|90
2019-08-13|01:20:00|0.17|0.0|0.0|12.71|23.92|0.0|28.1|43.5|mdr2__|15.3|90|0|3.5|1018.8|6.2|90
2019-08-13|01:21:00|0.15|0.0|0.0|12.71|23.92|0.0|28.1|43.5|mdr2__|15.3|90|0|3.5|1018.8|6.2|90
2019-08-13|01:22:00|0.17|0.0|0.0|12.71|23.92|0.0|28.1|43.5|mdr2__|15.3|90|0|3.5|1018.8|6.2|90
2019-08-13|01:23:00|0.17|0.0|0.0|12.71|23.89|0.0|28.1|43.5|mdr2__|15.3|90|0|3.5|1018.8|6.2|90
2019-08-13|01:24:00|0.16|0.0|0.0|12.71|23.91|0.0|28.1|43.5|mdr2__|15.3|90|0|3.5|1018.8|6.2|90
2019-08-13|01:25:00|0.17|0.0|0.0|12.71|23.93|0.0|28.1|43.5|mdr2__|15.2|90|0|3.6|1018.8|6.2|90
2019-08-13|01:26:00|0.17|0.0|0.0|12.71|23.93|0.0|28.1|43.5|mdr2__|15.2|90|0|3.6|1018.8|6.2|90
2019-08-13|01:27:00|0.16|0.0|0.0|12.71|23.92|0.057|28.1|43.5|mdr2__|15.2|90|0|3.6|1018.8|6.2|90
2019-08-13|01:28:00|0.17|0.0|0.0|12.71|23.89|0.0|28.1|43.5|mdr2__|15.2|90|0|3.6|1018.8|6.2|90
2019-08-13|01:29:00|0.17|0.0|0.0|12.7|23.91|0.0|28.1|43.5|mdr2__|15.2|90|0|3.6|1018.8|6.2|90
2019-08-13|01:30:00|0.17|0.0|0.0|12.71|23.88|0.0|28.1|43.5|mdr2__|15.2|90|0|3.6|1018.8|6.2|90
2019-08-13|01:31:00|0.18|0.0|0.0|12.71|23.89|0.0|28.1|43.5|mdr2__|15.2|90|0|3.6|1018.8|6.2|90
2019-08-13|01:32:00|0.18|0.0|0.0|12.71|23.87|0.0|28.1|43.5|mdr2__|15.2|90|0|3.6|1018.8|6.2|90
2019-08-13|01:33:00|0.16|0.0|0.0|12.71|23.92|0.0|28.1|43.5|mdr2__|15.2|90|0|3.6|1018.8|6.2|90
2019-08-13|01:34:00|0.18|0.0|0.0|12.71|23.91|0.0|28.1|43.5|mdr2__|15.2|90|0|3.6|1018.8|6.2|90
2019-08-13|01:35:00|0.18|0.0|0.0|12.71|23.91|0.0|28.1|43.5|mdr2__|15.2|90|0|3.6|1018.8|6.2|90
2019-08-13|01:36:00|0.17|0.0|0.0|12.7|23.9|0.0|28.1|43.5|mdr2__|15.2|90|0|3.6|1018.8|6.2|90
2019-08-13|01:37:00|0.18|0.0|0.0|12.71|23.92|0.0|28.1|43.5|mdr2__|15.2|90|0|3.6|1018.8|6.2|90
2019-08-13|01:38:00|0.18|0.0|0.0|12.71|23.88|0.0|28.1|43.5|mdr2__|15.2|90|0|3.6|1018.8|6.2|90
2019-08-13|01:39:00|0.17|0.0|0.0|12.71|23.89|0.0|28.1|43.5|mdr2__|15.2|90|0|3.6|1018.8|6.2|90
2019-08-13|01:40:00|0.16|0.0|0.0|12.7|23.9|0.0|28.1|43.5|mdr2__|15.2|90|0|3.6|1018.8|6.2|90
2019-08-13|01:41:00|0.17|0.0|0.0|12.7|23.9|0.0|28.0|43.5|mdr2__|15.2|90|0|3.6|1018.9|6.2|90
2019-08-13|01:42:00|0.16|0.0|0.0|12.71|23.9|0.0|28.0|43.5|mdr2__|15.2|90|0|3.6|1018.9|6.2|90
2019-08-13|01:43:00|0.18|0.0|0.0|12.71|23.86|0.0|28.0|43.6|mdr2__|15.2|90|0|3.6|1018.9|6.2|90
2019-08-13|01:44:00|0.17|0.0|0.0|12.71|23.86|0.0|28.0|43.6|mdr2__|15.2|90|0|3.6|1018.9|6.2|90
2019-08-13|01:45:00|0.17|0.0|0.0|12.7|23.86|0.0|28.0|43.6|mdr2__|15.2|90|0|3.6|1018.9|6.2|90
2019-08-13|01:46:00|0.17|0.0|0.0|12.71|23.89|0.0|28.0|43.6|mdr2__|15.2|90|0|3.6|1018.9|6.2|90
2019-08-13|01:47:00|0.16|0.0|0.0|12.7|23.88|0.0|28.0|43.6|mdr2__|15.2|90|0|3.6|1018.9|6.2|90
2019-08-13|01:48:00|0.17|0.0|0.0|12.7|23.89|0.0|28.0|43.6|mdr2__|15.2|90|0|3.6|1018.9|6.2|90
2019-08-13|01:49:00|0.18|0.0|0.0|12.7|23.86|0.0|28.0|43.6|mdr2__|15.2|90|0|3.6|1018.9|6.2|90
2019-08-13|01:50:00|0.16|0.0|0.0|12.7|23.9|0.0|28.0|43.6|mdr2__|15.2|90|0|3.6|1018.9|6.2|90
2019-08-13|01:51:00|0.17|0.0|0.0|12.71|23.84|0.0|28.0|43.6|mdr2__|15.2|90|0|3.6|1018.9|6.2|90
2019-08-13|01:52:00|0.17|0.0|0.0|12.7|23.89|0.0|28.0|43.6|mdr2__|15.2|90|0|3.6|1018.9|6.2|90
2019-08-13|01:53:00|0.17|0.0|0.0|12.71|23.87|0.0|28.0|43.6|mdr2__|15.2|90|0|3.6|1018.9|6.2|90
2019-08-13|01:54:00|0.16|0.0|0.0|12.71|23.89|0.0|28.0|43.6|mdr2__|15.2|90|0|3.6|1018.9|6.2|90
2019-08-13|01:55:00|0.17|0.0|0.0|12.7|23.88|0.0|28.0|43.6|mdr2__|15.2|90|0|3.6|1018.9|6.2|90
2019-08-13|01:56:00|0.17|0.0|0.0|12.7|23.85|0.0|28.0|43.6|mdr2__|15.2|90|0|3.6|1018.9|6.2|90
2019-08-13|01:57:00|0.16|0.0|0.0|12.71|23.88|0.0|28.0|43.6|mdr2__|15.2|90|0|3.6|1018.9|6.2|90
2019-08-13|01:58:00|0.16|0.0|0.0|12.71|23.84|0.0|28.0|43.5|mdr2__|15.2|90|0|3.6|1018.9|6.2|90
2019-08-13|01:59:00|0.17|0.0|0.0|12.71|23.86|0.0|28.0|43.5|mdr2__|15.2|90|0|3.6|1018.9|6.2|90
2019-08-13|02:00:00|0.18|0.0|0.0|12.7|23.87|0.0|28.0|43.5|mdr2__|15.2|90|0|3.6|1018.9|6.2|90
2019-08-13|02:01:00|0.17|0.0|0.0|12.71|23.88|0.0|28.0|43.6|mdr2__|15.2|90|0|3.6|1018.9|6.2|90
2019-08-13|02:02:00|0.16|0.0|0.0|12.7|23.86|0.0|28.0|43.6|mdr2__|15.2|90|0|3.6|1018.9|6.2|90
2019-08-13|02:03:00|0.16|0.0|0.0|12.71|23.86|0.0|28.0|43.6|mdr2__|15.2|90|0|3.6|1018.9|6.2|90
2019-08-13|02:04:00|0.17|0.0|0.0|12.7|23.82|0.0|28.0|43.6|mdr2__|15.2|90|0|3.6|1018.9|6.2|90
2019-08-13|02:05:00|0.18|0.0|0.0|12.7|23.86|0.0|28.0|43.6|mdr2__|15.2|90|0|3.6|1018.9|6.2|90
2019-08-13|02:06:00|0.18|0.0|0.0|12.71|23.83|0.0|28.0|43.6|mdr2__|15.2|90|0|3.6|1018.9|6.2|90
2019-08-13|02:07:00|0.17|0.0|0.0|12.71|23.83|0.0|28.0|43.6|mdr2__|15.2|90|0|3.6|1018.9|6.2|90
2019-08-13|02:08:00|0.18|0.0|0.0|12.71|23.83|0.0|28.0|43.6|mdr2__|15.2|90|0|3.6|1018.9|6.2|90
2019-08-13|02:09:00|0.17|0.0|0.0|12.71|23.84|0.0|28.0|43.6|mdr2__|15.2|90|0|3.6|1018.9|6.2|90
2019-08-13|02:10:00|0.17|0.0|0.0|12.7|23.86|0.0|28.0|43.6|mdr2__|15.1|90|0|3.7|1018.9|2.4|90
2019-08-13|02:11:00|0.18|0.0|0.0|12.71|23.84|0.0|28.0|43.6|mdr2__|15.1|90|0|3.7|1018.9|2.4|90
2019-08-13|02:12:00|0.18|0.0|0.0|12.7|23.84|0.0|28.0|43.6|mdr2__|15.1|90|0|3.7|1018.9|2.4|90
2019-08-13|02:13:00|0.16|0.0|0.0|12.7|23.86|0.0|28.0|43.6|mdr2__|15.1|90|0|3.7|1018.9|2.4|90
2019-08-13|02:14:00|0.17|0.0|0.0|12.71|23.8|0.0|28.0|43.6|mdr2__|15.1|90|0|3.7|1018.9|2.4|90
2019-08-13|02:15:00|0.18|0.0|0.0|12.7|23.85|0.0|28.0|43.6|mdr2__|15.1|90|0|3.7|1018.9|2.4|90
2019-08-13|02:16:00|0.18|0.0|0.0|12.7|23.81|0.0|28.0|43.6|mdr2__|15.1|90|0|3.7|1018.9|2.4|90
2019-08-13|02:17:00|0.18|0.0|0.0|12.71|23.82|0.0|28.0|43.6|mdr2__|15.1|90|0|3.7|1018.9|2.4|90
2019-08-13|02:18:00|0.16|0.0|0.0|12.7|23.79|0.0|28.0|43.6|mdr2__|15.1|90|0|3.7|1018.9|2.4|90
2019-08-13|02:19:00|0.16|0.0|0.0|12.71|23.84|0.0|28.0|43.6|mdr2__|15.1|90|0|3.7|1018.9|2.4|90
2019-08-13|02:20:00|0.16|0.0|0.0|12.7|23.85|0.057|28.0|43.6|mdr2__|15.0|90|0|3.6|1018.8|2.5|90
2019-08-13|02:21:00|0.16|0.0|0.0|12.71|23.82|0.0|27.9|43.6|mdr2__|15.0|90|0|3.6|1018.8|2.5|90
2019-08-13|02:22:00|0.17|0.0|0.0|12.7|23.83|0.0|27.9|43.6|mdr2__|15.0|90|0|3.6|1018.8|2.5|90
2019-08-13|02:23:00|0.17|0.0|0.0|12.71|23.83|0.0|27.9|43.6|mdr2__|15.0|90|0|3.6|1018.8|2.5|90
2019-08-13|02:24:00|0.17|0.0|0.0|12.7|23.8|0.0|27.9|43.6|mdr2__|15.0|90|0|3.6|1018.8|2.5|90
2019-08-13|02:25:00|0.18|0.0|0.0|12.7|23.83|0.0|27.9|43.6|mdr2__|15.0|90|0|3.6|1018.8|2.1|90
2019-08-13|02:26:00|0.16|0.0|0.0|12.7|23.84|-0.0|27.9|43.6|mdr2__|15.0|90|0|3.6|1018.8|2.1|90
2019-08-13|02:27:00|0.16|0.0|0.0|12.7|23.82|0.0|27.9|43.6|mdr2__|15.0|90|0|3.6|1018.8|2.1|90
2019-08-13|02:28:00|0.16|0.0|0.0|12.7|23.83|0.0|27.9|43.6|mdr2__|15.0|90|0|3.6|1018.8|2.1|90
2019-08-13|02:29:00|0.18|0.0|0.0|12.7|23.83|0.0|27.9|43.6|mdr2__|15.0|90|0|3.6|1018.8|2.1|90
2019-08-13|02:30:00|0.18|0.0|0.0|12.7|23.82|0.0|27.9|43.6|mdr2__|15.0|90|0|3.6|1018.8|2.1|90
2019-08-13|02:31:00|0.17|0.0|0.0|12.7|23.78|0.0|27.9|43.6|mdr2__|15.0|90|0|3.6|1018.8|2.1|90
2019-08-13|02:32:00|0.17|0.0|0.0|12.7|23.79|0.0|27.9|43.7|mdr2__|15.0|90|0|3.6|1018.8|2.1|90
2019-08-13|02:33:00|0.16|0.0|0.0|12.7|23.78|0.0|27.9|43.7|mdr2__|15.0|90|0|3.6|1018.8|2.1|90
2019-08-13|02:34:00|0.17|0.0|0.0|12.7|23.76|0.0|27.9|43.7|mdr2__|15.0|90|0|3.6|1018.8|2.1|90
2019-08-13|02:35:00|0.16|0.0|0.0|12.7|23.79|0.0|27.9|43.7|mdr2__|15.0|90|0|3.6|1018.8|2.1|90
2019-08-13|02:36:00|0.18|0.0|0.0|12.71|23.77|0.0|27.9|43.7|mdr2__|15.0|90|0|3.6|1018.8|2.1|90
2019-08-13|02:37:00|0.17|0.0|0.0|12.7|23.8|0.0|27.9|43.7|mdr2__|15.0|90|0|3.6|1018.8|2.1|90
2019-08-13|02:38:00|0.15|0.0|0.0|12.71|23.78|0.0|27.9|43.7|mdr2__|15.0|90|0|3.6|1018.8|2.1|90
2019-08-13|02:39:00|0.18|0.0|0.0|12.71|23.8|0.0|27.9|43.7|mdr2__|15.0|90|0|3.6|1018.8|2.1|90
2019-08-13|02:40:00|0.17|0.0|0.0|12.7|23.78|0.0|27.9|43.7|mdr2__|15.0|90|0|3.6|1018.8|2.1|90
2019-08-13|02:41:00|0.16|0.0|0.0|12.7|23.76|0.0|27.9|43.7|mdr2__|15.0|90|0|3.6|1018.8|2.1|90
2019-08-13|02:42:00|0.17|0.0|0.0|12.7|23.8|0.0|27.9|43.7|mdr2__|15.0|90|0|3.6|1018.8|2.1|90
2019-08-13|02:43:00|0.18|0.0|0.0|12.7|23.8|0.0|27.9|43.7|mdr2__|15.0|90|0|3.6|1018.8|2.1|90
2019-08-13|02:44:00|0.17|0.0|0.0|12.7|23.79|0.0|27.9|43.6|mdr2__|15.0|90|0|3.6|1018.8|2.1|90
2019-08-13|02:45:00|0.16|0.0|0.0|12.69|23.79|0.0|27.9|43.6|mdr2__|15.0|90|0|3.6|1018.8|2.1|90
2019-08-13|02:46:00|0.18|0.0|0.0|12.7|23.79|0.0|27.9|43.6|mdr2__|14.9|90|0|3.5|1018.8|1.8|90
2019-08-13|02:47:00|0.17|0.0|0.0|12.71|23.79|0.0|27.9|43.6|mdr2__|14.9|90|0|3.5|1018.8|1.8|90
2019-08-13|02:48:00|0.18|0.0|0.0|12.69|23.76|0.0|27.9|43.6|mdr2__|14.9|90|0|3.5|1018.8|1.8|90
2019-08-13|02:49:00|0.14|0.0|0.0|12.7|23.78|0.0|27.9|43.6|mdr2__|14.9|90|0|3.5|1018.8|1.8|90
2019-08-13|02:50:00|0.17|0.0|0.0|12.7|23.75|0.0|27.9|43.6|mdr2__|14.9|90|0|3.5|1018.8|1.8|90
2019-08-13|02:51:00|0.19|0.0|0.0|12.7|23.8|0.0|27.9|43.6|mdr2__|14.9|90|0|3.5|1018.8|1.8|90
2019-08-13|02:52:00|0.16|0.0|0.0|12.7|23.76|0.0|27.9|43.7|mdr2__|14.9|90|0|3.5|1018.8|1.8|90
2019-08-13|02:53:00|0.17|0.0|0.0|12.7|23.75|0.0|27.9|43.7|mdr2__|14.9|90|0|3.5|1018.8|1.8|90
2019-08-13|02:54:00|0.16|0.0|0.0|12.71|23.74|0.0|27.9|43.7|mdr2__|14.9|90|0|3.5|1018.8|1.8|90
2019-08-13|02:55:00|0.16|0.0|0.0|12.7|23.74|0.0|27.9|43.7|mdr2__|14.9|90|0|3.5|1018.8|1.8|90
2019-08-13|02:56:00|0.17|0.0|0.0|12.71|23.79|0.0|27.9|43.7|mdr2__|14.9|90|0|3.5|1018.8|1.8|90
2019-08-13|02:57:00|0.17|0.0|0.0|12.7|23.75|0.0|27.9|43.7|mdr2__|14.9|90|0|3.5|1018.8|1.8|90
2019-08-13|02:58:00|0.18|0.0|0.0|12.7|23.76|0.0|27.9|43.7|mdr2__|14.9|90|0|3.5|1018.8|1.8|90
2019-08-13|02:59:00|0.17|0.0|0.0|12.7|23.74|0.0|27.9|43.7|mdr2__|14.9|90|0|3.5|1018.8|1.8|90
2019-08-13|03:00:00|0.17|0.0|0.0|12.7|23.78|0.0|27.9|43.7|mdr2__|14.9|90|0|3.5|1018.8|1.8|90
2019-08-13|03:01:00|0.16|0.0|0.0|12.7|23.76|0.0|27.9|43.7|mdr2__|14.9|90|0|3.5|1018.8|1.8|90
2019-08-13|03:02:00|0.14|0.0|0.0|12.7|23.78|0.0|27.9|43.7|mdr2__|14.9|90|0|3.5|1018.8|1.8|90
2019-08-13|03:03:00|0.16|0.0|0.0|12.7|23.76|0.0|27.9|43.8|mdr2__|14.9|90|0|3.5|1018.8|1.8|90
2019-08-13|03:04:00|0.15|0.0|0.0|12.71|23.73|0.0|27.9|43.7|mdr2__|14.9|90|0|3.5|1018.8|1.8|90
2019-08-13|03:05:00|0.17|0.0|0.0|12.71|23.73|0.0|27.9|43.7|mdr2__|14.9|90|0|3.5|1018.8|1.8|90
2019-08-13|03:06:00|0.16|0.0|0.0|12.69|23.74|0.0|27.9|43.7|mdr2__|14.9|90|0|3.5|1018.8|1.8|90
2019-08-13|03:07:00|0.17|0.0|0.0|12.7|23.75|0.0|27.9|43.8|mdr2__|14.9|90|0|3.5|1018.8|1.8|90
2019-08-13|03:08:00|0.16|0.0|0.0|12.7|23.77|0.0|27.9|43.8|mdr2__|14.9|90|0|3.5|1018.8|1.8|90
2019-08-13|03:09:00|0.16|0.0|0.0|12.7|23.73|0.0|27.9|43.8|mdr2__|14.9|90|0|3.5|1018.8|1.8|90
2019-08-13|03:10:00|0.16|0.0|0.0|12.7|23.75|0.0|27.9|43.8|mdr2__|14.8|90|0|3.3|1018.7|1.4|90
2019-08-13|03:11:00|0.18|0.0|0.0|12.69|23.75|0.0|27.9|43.8|mdr2__|14.8|90|0|3.3|1018.7|1.4|90
2019-08-13|03:12:00|0.16|0.0|0.0|12.7|23.73|0.0|27.9|43.8|mdr2__|14.8|90|0|3.3|1018.7|1.4|90
2019-08-13|03:13:00|0.16|0.0|0.0|12.7|23.74|0.0|27.9|43.8|mdr2__|14.8|90|0|3.3|1018.7|1.4|90
2019-08-13|03:14:00|0.17|0.0|0.0|12.7|23.72|0.0|27.9|43.8|mdr2__|14.8|90|0|3.3|1018.7|1.4|90
2019-08-13|03:15:00|0.17|0.0|0.0|12.7|23.72|0.0|27.9|43.8|mdr2__|14.8|90|0|3.3|1018.7|1.4|90
2019-08-13|03:16:00|0.17|0.0|0.0|12.7|23.72|0.0|27.8|43.8|mdr2__|14.8|90|0|3.3|1018.7|1.4|90
2019-08-13|03:17:00|0.17|0.0|0.0|12.7|23.74|0.0|27.9|43.8|mdr2__|14.8|90|0|3.3|1018.7|1.4|90
2019-08-13|03:18:00|0.17|0.0|0.0|12.7|23.74|0.0|27.8|43.8|mdr2__|14.8|90|0|3.3|1018.7|1.4|90
2019-08-13|03:19:00|0.18|0.0|0.0|12.7|23.75|0.0|27.8|43.8|mdr2__|14.8|90|0|3.3|1018.7|1.4|90
2019-08-13|03:20:00|0.17|0.0|0.0|12.71|23.74|0.0|27.8|43.8|mdr2__|14.8|90|0|3.2|1018.7|0.4|70
2019-08-13|03:21:00|0.16|0.0|0.0|12.7|23.74|0.0|27.8|43.8|mdr2__|14.8|90|0|3.2|1018.7|0.4|70
2019-08-13|03:22:00|0.17|0.0|0.0|12.7|23.72|0.0|27.8|43.8|mdr2__|14.8|90|0|3.2|1018.7|0.4|70
2019-08-13|03:23:00|0.18|0.0|0.0|12.7|23.7|0.0|27.8|43.8|mdr2__|14.8|90|0|3.2|1018.7|0.4|70
2019-08-13|03:24:00|0.19|0.0|0.0|12.69|23.7|0.0|27.8|43.8|mdr2__|14.8|90|0|3.2|1018.7|0.4|70
2019-08-13|03:25:00|0.18|0.0|0.0|12.69|23.72|0.0|27.9|43.8|mdr2__|14.8|90|0|3.2|1018.7|0.4|70
2019-08-13|03:26:00|0.18|0.0|0.0|12.71|23.71|0.0|27.9|43.8|mdr2__|14.8|90|0|3.2|1018.7|0.4|70
2019-08-13|03:27:00|0.18|0.0|0.0|12.7|23.73|0.0|27.9|43.8|mdr2__|14.8|90|0|3.2|1018.7|0.4|70
2019-08-13|03:28:00|0.17|0.0|0.0|12.7|23.73|0.0|27.9|43.8|mdr2__|14.8|90|0|3.2|1018.7|0.4|70
2019-08-13|03:29:00|0.17|0.0|0.0|12.7|23.7|0.0|27.9|43.7|mdr2__|14.8|90|0|3.2|1018.7|0.4|70
2019-08-13|03:30:00|0.16|0.0|0.0|12.7|23.69|0.0|27.9|43.7|mdr2__|14.8|90|0|3.2|1018.7|0.4|70
2019-08-13|03:31:00|0.17|0.0|0.0|12.7|23.69|0.0|27.9|43.7|mdr2__|14.8|90|0|3.2|1018.7|0.4|70
2019-08-13|03:32:00|0.16|0.0|0.0|12.7|23.72|0.0|27.9|43.7|mdr2__|14.8|90|0|3.2|1018.7|0.4|70
2019-08-13|03:33:00|0.17|0.0|0.0|12.7|23.73|0.0|27.9|43.7|mdr2__|14.8|90|0|3.2|1018.7|0.4|70
2019-08-13|03:34:00|0.18|0.0|0.0|12.7|23.74|0.0|27.9|43.7|mdr2__|14.8|90|0|3.2|1018.7|0.4|70
2019-08-13|03:35:00|0.17|0.0|0.0|12.7|23.69|0.0|27.8|43.7|mdr2__|14.8|90|0|3.2|1018.7|0.4|70
2019-08-13|03:36:00|0.16|0.0|0.0|12.7|23.71|0.0|27.8|43.8|mdr2__|14.8|90|0|3.2|1018.7|0.4|70
2019-08-13|03:37:00|0.17|0.0|0.0|12.69|23.68|0.0|27.8|43.8|mdr2__|14.8|90|0|3.2|1018.7|0.4|70
2019-08-13|03:38:00|0.16|0.0|0.0|12.7|23.69|0.0|27.8|43.8|mdr2__|14.8|90|0|3.2|1018.7|0.4|70
2019-08-13|03:39:00|0.18|0.0|0.0|12.7|23.69|0.0|27.8|43.8|mdr2__|14.8|90|0|3.2|1018.7|0.4|70
2019-08-13|03:40:00|0.16|0.0|0.0|12.7|23.71|0.0|27.9|43.7|mdr2__|14.8|90|0|3.0|1018.7|0.4|70
2019-08-13|03:41:00|0.17|0.0|0.0|12.7|23.68|0.0|27.9|43.7|mdr2__|14.8|90|0|3.0|1018.7|0.4|70
2019-08-13|03:42:00|0.16|0.0|0.0|12.7|23.72|0.0|27.9|43.7|mdr2__|14.8|90|0|3.0|1018.7|0.4|70
2019-08-13|03:43:00|0.17|0.0|0.0|12.7|23.7|0.0|27.9|43.7|mdr2__|14.8|90|0|3.0|1018.7|0.4|70
2019-08-13|03:44:00|0.16|0.0|0.0|12.7|23.72|0.0|27.8|43.7|mdr2__|14.8|90|0|3.0|1018.7|0.4|70
2019-08-13|03:45:00|0.17|0.0|0.0|12.7|23.71|0.0|27.8|43.7|mdr2__|14.8|90|0|3.0|1018.7|0.4|70
2019-08-13|03:46:00|0.16|0.0|0.0|12.7|23.68|0.0|27.8|43.7|mdr2__|14.8|90|0|3.0|1018.7|0.4|70
2019-08-13|03:47:00|0.16|0.0|0.0|12.69|23.69|0.0|27.8|43.7|mdr2__|14.8|90|0|3.0|1018.7|0.4|70
2019-08-13|03:48:00|0.16|0.0|0.0|12.69|23.7|0.0|27.8|43.7|mdr2__|14.8|90|0|3.0|1018.7|0.4|70
2019-08-13|03:49:00|0.18|0.0|0.0|12.7|23.68|0.0|27.8|43.8|mdr2__|14.8|90|0|3.0|1018.7|0.4|70
2019-08-13|03:50:00|0.17|0.0|0.0|12.7|23.67|0.0|27.8|43.8|mdr2__|14.8|90|0|3.0|1018.7|0.4|70
2019-08-13|03:51:00|0.16|0.0|0.0|12.7|23.69|0.0|27.8|43.8|mdr2__|14.8|90|0|3.0|1018.7|0.4|70
2019-08-13|03:52:00|0.18|0.0|0.0|12.69|23.67|0.0|27.8|43.7|mdr2__|14.8|90|0|3.0|1018.7|0.4|70
2019-08-13|03:53:00|0.16|0.0|0.0|12.7|23.7|0.0|27.8|43.8|mdr2__|14.8|90|0|3.0|1018.7|0.4|70
2019-08-13|03:54:00|0.16|0.0|0.0|12.69|23.69|0.0|27.8|43.8|mdr2__|14.8|90|0|3.0|1018.7|0.4|70
2019-08-13|03:55:00|0.18|0.0|0.0|12.7|23.69|0.0|27.8|43.8|mdr2__|14.8|90|0|3.0|1018.7|0.4|70
2019-08-13|03:56:00|0.16|0.0|0.0|12.69|23.68|0.0|27.8|43.8|mdr2__|14.8|90|0|3.0|1018.7|0.4|70
2019-08-13|03:57:00|0.16|0.0|0.0|12.69|23.67|0.0|27.8|43.8|mdr2__|14.8|90|0|3.0|1018.7|0.4|70
2019-08-13|03:58:00|0.16|0.0|0.0|12.7|23.69|0.0|27.8|43.8|mdr2__|14.8|90|0|3.0|1018.7|0.4|70
2019-08-13|03:59:00|0.16|0.0|0.0|12.69|23.66|0.0|27.8|43.8|mdr2__|14.8|90|0|3.0|1018.7|0.4|70
2019-08-13|04:00:00|0.16|0.0|0.0|12.7|23.67|0.0|27.8|43.7|mdr2__|14.8|90|0|3.0|1018.7|0.4|70
2019-08-13|04:01:00|0.16|0.0|0.0|12.7|23.66|0.0|27.8|43.8|mdr2__|14.8|90|0|3.0|1018.7|0.4|70
2019-08-13|04:02:00|0.16|0.0|0.0|12.7|23.7|0.0|27.8|43.8|mdr2__|14.8|90|0|3.0|1018.7|0.4|70
2019-08-13|04:03:00|0.16|0.0|0.0|12.7|23.68|0.0|27.8|43.8|mdr2__|14.8|90|0|3.0|1018.7|0.4|70
2019-08-13|04:04:00|0.18|0.0|0.0|12.7|23.69|0.0|27.8|43.8|mdr2__|14.8|90|0|3.0|1018.7|0.4|70
2019-08-13|04:05:00|0.18|0.0|0.0|12.7|23.64|0.0|27.8|43.7|mdr2__|14.8|90|0|3.0|1018.7|0.4|70
2019-08-13|04:06:00|0.18|0.0|0.0|12.69|23.65|0.0|27.8|43.7|mdr2__|14.8|90|0|3.0|1018.7|0.4|70
2019-08-13|04:07:00|0.16|0.0|0.0|12.7|23.69|0.0|27.8|43.7|mdr2__|14.8|90|0|3.0|1018.7|0.4|70
2019-08-13|04:08:00|0.16|0.0|0.0|12.7|23.68|0.0|27.8|43.7|mdr2__|14.8|90|0|3.0|1018.7|0.4|70
2019-08-13|04:09:00|0.16|0.0|0.0|12.7|23.67|0.0|27.8|43.7|mdr2__|14.8|90|0|3.0|1018.7|0.4|70
2019-08-13|04:10:00|0.15|0.0|0.0|12.69|23.66|0.0|27.8|43.7|mdr1__|14.7|90|0|2.8|1018.7|0.4|75
2019-08-13|04:11:00|0.18|0.0|0.0|12.7|23.67|0.0|27.8|43.7|mdr1__|14.7|90|0|2.8|1018.7|0.4|75
2019-08-13|04:12:00|0.16|0.0|0.0|12.7|23.67|0.0|27.8|43.7|mdr1__|14.7|90|0|2.8|1018.7|0.4|75
2019-08-13|04:13:00|0.18|0.0|0.0|12.69|23.64|0.0|27.8|43.7|mdr1__|14.7|90|0|2.8|1018.7|0.4|75
2019-08-13|04:14:00|0.16|0.0|0.0|12.7|23.67|0.0|27.8|43.6|mdr1__|14.7|90|0|2.8|1018.7|0.4|75
2019-08-13|04:15:00|0.18|0.0|0.0|12.69|23.68|0.0|27.8|43.6|mdr1__|14.7|90|0|2.8|1018.7|0.4|75
2019-08-13|04:16:00|0.16|0.0|0.0|12.7|23.63|0.0|27.8|43.6|mdr1__|14.7|90|0|2.8|1018.7|0.4|75
2019-08-13|04:17:00|0.17|0.0|0.0|12.7|23.67|0.0|27.8|43.6|mdr1__|14.7|90|0|2.8|1018.7|0.4|75
2019-08-13|04:18:00|0.17|0.0|0.0|12.69|23.65|0.0|27.8|43.6|mdr1__|14.7|90|0|2.8|1018.7|0.4|75
2019-08-13|04:19:00|0.17|0.0|0.0|12.7|23.66|0.0|27.8|43.6|mdr1__|14.7|90|0|2.8|1018.7|0.4|75
2019-08-13|04:20:00|0.15|0.0|0.0|12.69|23.67|0.0|27.8|43.6|mdr1__|14.7|90|0|2.7|1018.7|0.2|70
2019-08-13|04:21:00|0.17|0.0|0.0|12.69|23.63|0.0|27.8|43.6|mdr1__|14.7|90|0|2.7|1018.7|0.2|70
2019-08-13|04:22:00|0.16|0.0|0.0|12.69|23.67|0.0|27.8|43.6|mdr1__|14.7|90|0|2.7|1018.7|0.2|70
2019-08-13|04:23:00|0.16|0.0|0.0|12.7|23.64|0.0|27.8|43.6|mdr1__|14.7|90|0|2.7|1018.7|0.2|70
2019-08-13|04:24:00|0.17|0.0|0.0|12.7|23.65|0.0|27.8|43.6|mdr1__|14.7|90|0|2.7|1018.7|0.2|70
2019-08-13|04:25:00|0.16|0.0|0.0|12.7|23.67|0.0|27.8|43.6|mdr1__|14.7|90|0|2.7|1018.7|0.2|70
2019-08-13|04:26:00|0.18|0.0|0.0|12.69|23.62|0.0|27.8|43.6|mdr1__|14.7|90|0|2.7|1018.7|0.2|70
2019-08-13|04:27:00|0.16|0.0|0.0|12.7|23.66|0.0|27.8|43.6|mdr1__|14.7|90|0|2.7|1018.7|0.2|70
2019-08-13|04:28:00|0.17|0.0|0.0|12.69|23.66|0.0|27.8|43.5|mdr1__|14.7|90|0|2.7|1018.7|0.2|70
2019-08-13|04:29:00|0.17|0.0|0.0|12.69|23.67|0.0|27.8|43.5|mdr1__|14.7|90|0|2.7|1018.7|0.2|70
2019-08-13|04:30:00|0.16|0.0|0.0|12.69|23.64|0.0|27.8|43.5|mdr1__|14.7|90|0|2.6|1018.7|0.1|60
2019-08-13|04:31:00|0.17|0.0|0.0|12.69|23.62|0.0|27.8|43.5|mdr1__|14.7|90|0|2.6|1018.7|0.1|60
2019-08-13|04:32:00|0.17|0.0|0.0|12.69|23.61|0.0|27.8|43.5|mdr1__|14.7|90|0|2.6|1018.7|0.1|60
2019-08-13|04:33:00|0.19|0.0|0.0|12.7|23.66|0.0|27.8|43.5|mdr1__|14.7|90|0|2.6|1018.7|0.1|60
2019-08-13|04:34:00|0.16|0.0|0.0|12.7|23.61|0.0|27.8|43.4|mdr1__|14.7|90|0|2.6|1018.7|0.1|60
2019-08-13|04:35:00|0.14|0.0|0.0|12.69|23.61|0.0|27.8|43.5|mdr1__|14.7|90|0|2.6|1018.7|0.1|60
2019-08-13|04:36:00|0.16|0.0|0.0|12.69|23.62|0.0|27.8|43.5|mdr1__|14.7|90|0|2.6|1018.7|0.1|60
2019-08-13|04:37:00|0.16|0.0|0.0|12.7|23.64|0.0|27.8|43.5|mdr1__|14.7|90|0|2.6|1018.7|0.1|60
2019-08-13|04:38:00|0.17|0.0|0.0|12.69|23.63|0.0|27.8|43.5|mdr1__|14.7|90|0|2.6|1018.7|0.1|60
2019-08-13|04:39:00|0.17|0.0|0.0|12.69|23.61|0.0|27.8|43.4|mdr1__|14.7|90|0|2.6|1018.7|0.1|60
2019-08-13|04:40:00|0.16|0.0|0.0|12.7|23.61|0.0|27.8|43.4|mdr1__|14.7|90|0|2.5|1018.7|0.1|60
2019-08-13|04:41:00|0.16|0.0|0.0|12.69|23.62|0.0|27.8|43.4|mdr1__|14.7|90|0|2.5|1018.7|0.1|60
2019-08-13|04:42:00|0.18|0.0|0.0|12.69|23.6|0.0|27.8|43.4|mdr1__|14.7|90|0|2.5|1018.7|0.1|60
2019-08-13|04:43:00|0.16|0.0|0.0|12.69|23.6|0.0|27.8|43.4|mdr1__|14.7|90|0|2.5|1018.7|0.1|60
2019-08-13|04:44:00|0.17|0.0|0.0|12.7|23.59|0.0|27.8|43.4|mdr1__|14.7|90|0|2.5|1018.7|0.1|60
2019-08-13|04:45:00|0.18|0.0|0.0|12.69|23.63|0.0|27.8|43.4|mdr1__|14.7|90|0|2.5|1018.7|0.1|60
2019-08-13|04:46:00|0.17|0.0|0.0|12.7|23.63|0.0|27.7|43.4|mdr1__|14.7|90|0|2.5|1018.7|0.1|60
2019-08-13|04:47:00|0.16|0.0|0.0|12.69|23.6|0.0|27.7|43.4|mdr1__|14.7|90|0|2.5|1018.7|0.1|60
2019-08-13|04:48:00|0.16|0.0|0.0|12.69|23.6|0.0|27.7|43.4|mdr1__|14.7|90|0|2.5|1018.7|0.1|60
2019-08-13|04:49:00|0.16|0.0|0.0|12.69|23.61|0.0|27.7|43.4|mdr1__|14.7|90|0|2.5|1018.7|0.1|60
2019-08-13|04:50:00|0.16|0.0|0.0|12.69|23.61|0.0|27.7|43.4|mdr1__|14.7|90|0|2.5|1018.7|0.1|60
2019-08-13|04:51:00|0.15|0.0|0.0|12.69|23.63|0.0|27.7|43.3|mdr1__|14.7|90|0|2.5|1018.7|0.1|60
2019-08-13|04:52:00|0.16|0.0|0.0|12.7|23.59|0.0|27.7|43.4|mdr1__|14.7|90|0|2.5|1018.7|0.1|60
2019-08-13|04:53:00|0.16|0.0|0.0|12.69|23.61|0.0|27.7|43.4|mdr1__|14.7|90|0|2.5|1018.7|0.1|60
2019-08-13|04:54:00|0.17|0.0|0.0|12.7|23.6|0.0|27.7|43.4|mdr1__|14.7|90|0|2.5|1018.7|0.1|60
2019-08-13|04:55:00|0.16|0.0|0.0|12.69|23.59|0.0|27.7|43.4|mdr1__|14.7|90|0|2.5|1018.7|0.1|60
2019-08-13|04:56:00|0.18|0.0|0.0|12.69|23.6|0.0|27.7|43.4|mdr1__|14.7|90|0|2.5|1018.7|0.1|60
2019-08-13|04:57:00|0.17|0.0|0.0|12.69|23.61|0.0|27.7|43.4|mdr1__|14.7|90|0|2.5|1018.7|0.1|60
2019-08-13|04:58:00|0.17|0.0|0.0|12.7|23.58|0.0|27.7|43.4|mdr1__|14.7|90|0|2.5|1018.7|0.1|60
2019-08-13|04:59:00|0.18|0.0|0.0|12.69|23.61|0.0|27.7|43.4|mdr1__|14.7|90|0|2.5|1018.7|0.1|60
2019-08-13|05:00:00|0.18|0.0|0.0|12.7|23.59|0.0|27.7|43.4|mdr1__|14.7|90|0|2.5|1018.7|0.1|60
2019-08-13|05:01:00|0.17|0.0|0.0|12.69|23.61|0.0|27.7|43.4|mdr1__|14.7|90|0|2.5|1018.7|0.1|60
2019-08-13|05:02:00|0.15|0.0|0.0|12.69|23.59|0.0|27.7|43.4|mdr1__|14.7|90|0|2.5|1018.7|0.1|60
2019-08-13|05:03:00|0.18|0.0|0.0|12.69|23.57|0.0|27.7|43.4|mdr1__|14.7|90|0|2.5|1018.7|0.1|60
2019-08-13|05:04:00|0.18|0.0|0.0|12.69|23.56|0.0|27.6|43.4|mdr1__|14.7|90|0|2.5|1018.7|0.1|60
2019-08-13|05:05:00|0.19|0.0|0.0|12.69|23.58|0.0|27.6|43.4|mdr1__|14.7|90|0|2.5|1018.7|0.1|60
2019-08-13|05:06:00|0.18|0.0|0.0|12.69|23.6|0.0|27.6|43.4|mdr1__|14.7|90|0|2.5|1018.7|0.1|60
2019-08-13|05:07:00|0.17|0.0|0.0|12.69|23.58|0.0|27.6|43.4|mdr1__|14.7|90|0|2.5|1018.7|0.1|60
2019-08-13|05:08:00|0.19|0.0|0.0|12.69|23.58|0.0|27.6|43.4|mdr1__|14.7|90|0|2.5|1018.7|0.1|60
2019-08-13|05:09:00|0.19|0.0|0.0|12.69|23.59|0.0|27.6|43.4|mdr1__|14.7|90|0|2.5|1018.7|0.1|60
2019-08-13|05:10:00|0.19|0.0|0.0|12.69|23.59|0.0|27.6|43.4|md____|15.0|90|0|2.3|1018.7|0.0|50
2019-08-13|05:11:00|0.21|0.0|0.0|12.69|23.59|0.0|27.6|43.4|md____|15.0|90|0|2.3|1018.7|0.0|50
2019-08-13|05:12:00|0.2|0.0|0.0|12.69|23.58|0.0|27.6|43.4|md____|15.0|90|0|2.3|1018.7|0.0|50
2019-08-13|05:13:00|0.2|0.0|0.0|12.7|23.58|0.0|27.6|43.4|md____|15.0|90|0|2.3|1018.7|0.0|50
2019-08-13|05:14:00|0.21|0.0|0.0|12.69|23.56|0.0|27.6|43.4|md____|15.0|90|0|2.3|1018.7|0.0|50
2019-08-13|05:15:00|0.22|0.0|0.0|12.69|23.59|0.0|27.6|43.4|md____|15.0|90|0|2.3|1018.7|0.0|50
2019-08-13|05:16:00|0.24|0.0|0.0|12.69|23.55|0.0|27.6|43.4|md____|15.0|90|0|2.3|1018.7|0.0|50
2019-08-13|05:17:00|0.25|0.0|0.0|12.69|23.55|0.0|27.6|43.4|md____|15.0|90|0|2.3|1018.7|0.0|50
2019-08-13|05:18:00|0.27|0.0|0.0|12.7|23.58|0.0|27.6|43.3|md____|15.0|90|0|2.3|1018.7|0.0|50
2019-08-13|05:19:00|0.3|0.0|0.0|12.7|23.56|0.0|27.6|43.3|md____|15.0|90|0|2.3|1018.7|0.0|50
2019-08-13|05:20:00|0.32|0.0|0.0|12.7|23.56|0.0|27.7|43.3|md____|14.9|90|0|2.3|1018.7|0.0|45
2019-08-13|05:21:00|0.34|0.0|0.0|12.7|23.57|0.0|27.7|43.3|md____|14.9|90|0|2.3|1018.7|0.0|45
2019-08-13|05:22:00|0.38|0.0|0.0|12.69|23.58|0.0|27.7|43.2|md____|14.9|90|0|2.3|1018.7|0.0|45
2019-08-13|05:23:00|0.42|0.0|0.0|12.69|23.58|0.0|27.7|43.2|md____|14.9|90|0|2.3|1018.7|0.0|45
2019-08-13|05:24:00|0.48|0.0|0.0|12.69|23.57|-0.0|27.7|43.2|md____|14.9|90|0|2.3|1018.7|0.0|45
2019-08-13|05:25:00|0.53|0.0|0.0|12.7|23.52|0.0|27.7|43.2|md____|14.9|90|0|2.3|1018.7|0.0|45
2019-08-13|05:26:00|0.6|0.0|0.0|12.69|23.56|0.0|27.7|43.2|md____|14.9|90|0|2.3|1018.7|0.0|45
2019-08-13|05:27:00|0.7|0.0|0.0|12.69|23.56|0.0|27.6|43.2|md____|14.9|90|0|2.3|1018.7|0.0|45
2019-08-13|05:28:00|0.81|0.0|0.0|12.69|23.54|0.0|27.6|43.2|md____|14.9|90|0|2.3|1018.7|0.0|45
2019-08-13|05:29:00|0.94|0.0|0.0|12.69|23.58|0.0|27.6|43.2|md____|14.9|90|0|2.3|1018.7|0.0|45
2019-08-13|05:30:00|1.1|0.0|0.0|12.7|23.55|0.0|27.6|43.2|mb____|14.6|90|0|2.3|1018.7|0.0|40
2019-08-13|05:31:00|1.29|0.0|0.0|12.7|23.56|0.0|27.6|43.2|mb____|14.6|90|0|2.3|1018.7|0.0|40
2019-08-13|05:32:00|1.49|0.0|0.0|12.7|23.53|0.0|27.6|43.2|mb____|14.6|90|0|2.3|1018.7|0.0|40
2019-08-13|05:33:00|1.75|0.0|0.0|12.69|23.55|0.0|27.6|43.2|mb____|14.6|90|0|2.3|1018.7|0.0|40
2019-08-13|05:34:00|2.04|0.0|0.0|12.69|23.52|0.0|27.6|43.2|mb____|14.6|90|0|2.3|1018.7|0.0|40
2019-08-13|05:35:00|2.38|0.0|0.0|12.69|23.53|0.0|27.6|43.2|mb____|14.6|90|0|2.3|1018.7|0.0|40
2019-08-13|05:36:00|2.75|0.0|0.0|12.7|23.52|0.0|27.6|43.2|mb____|14.6|90|0|2.3|1018.7|0.0|40
2019-08-13|05:37:00|3.24|0.0|0.0|12.69|23.51|0.0|27.6|43.3|mb____|14.6|90|0|2.3|1018.7|0.0|40
2019-08-13|05:38:00|3.7|0.0|0.0|12.69|23.55|0.0|27.6|43.2|mb____|14.6|90|0|2.3|1018.7|0.0|40
2019-08-13|05:39:00|4.24|0.0|0.0|12.69|23.51|0.0|27.6|43.2|mb____|14.6|90|0|2.3|1018.7|0.0|40
2019-08-13|05:40:00|4.88|0.0|0.0|12.69|23.51|-0.0|27.6|43.3|mb____|14.6|90|0|2.3|1018.7|0.0|40
2019-08-13|05:41:00|5.53|0.0|0.0|12.69|23.55|-0.0|27.6|43.2|mb____|14.6|90|0|2.3|1018.7|0.0|40
2019-08-13|05:42:00|6.29|0.0|0.0|12.69|23.54|0.0|27.6|43.2|mb____|14.6|90|0|2.3|1018.7|0.0|40
2019-08-13|05:43:00|7.18|0.0|0.0|12.7|23.54|0.0|27.6|43.2|mb____|14.6|90|0|2.3|1018.7|0.0|40
2019-08-13|05:44:00|8.21|0.0|0.0|12.69|23.52|0.0|27.6|43.2|mb____|14.6|90|0|2.3|1018.7|0.0|40
2019-08-13|05:45:00|9.34|0.0|0.0|12.7|23.55|0.0|27.6|43.2|md____|14.6|90|0|2.3|1018.6|0.0|40
2019-08-13|05:46:00|10.41|0.0|0.0|12.7|23.49|0.0|27.6|43.2|md____|14.6|90|0|2.3|1018.6|0.0|40
2019-08-13|05:47:00|11.43|0.0|0.0|12.69|23.5|0.0|27.6|43.2|md____|14.6|90|0|2.3|1018.6|0.0|40
2019-08-13|05:48:00|12.47|0.0|0.0|12.7|23.52|0.0|27.6|43.2|md____|14.6|90|0|2.3|1018.6|0.0|40
2019-08-13|05:49:00|12.81|0.0|0.0|12.69|23.52|0.0|27.6|43.2|md____|14.6|90|0|2.3|1018.6|0.0|40
2019-08-13|05:50:00|12.85|0.0|0.0|12.69|23.5|0.0|27.6|43.2|md____|14.6|90|0|2.3|1018.6|0.0|40
2019-08-13|05:51:00|12.98|0.0|0.0|12.69|23.5|0.0|27.6|43.2|md____|14.6|90|0|2.3|1018.6|0.0|40
2019-08-13|05:52:00|16.64|0.0|0.0|12.7|23.51|0.0|27.6|43.2|md____|14.6|90|0|2.3|1018.6|0.0|40
2019-08-13|05:53:00|14.5|0.01|0.12|12.69|23.53|0.0|27.6|43.2|md____|14.6|90|0|2.3|1018.6|0.0|40
2019-08-13|05:54:00|14.78|0.01|0.0|12.7|23.5|0.0|27.6|43.2|md____|14.6|90|0|2.3|1018.6|0.0|40
2019-08-13|05:55:00|13.61|0.0|0.25|12.69|23.54|0.0|27.6|43.2|md____|14.6|90|0|2.3|1018.6|0.0|40
2019-08-13|05:56:00|13.62|0.0|0.0|12.69|23.49|0.0|27.6|43.2|md____|14.6|90|0|2.3|1018.6|0.0|40
2019-08-13|05:57:00|13.62|0.0|0.0|12.69|23.49|0.0|27.6|43.2|md____|14.6|90|0|2.3|1018.6|0.0|40
2019-08-13|05:58:00|13.64|0.0|0.12|12.7|23.52|0.0|27.6|43.2|md____|14.6|90|0|2.3|1018.6|0.0|40
2019-08-13|05:59:00|13.63|0.0|0.0|12.69|23.49|0.0|27.6|43.2|md____|14.6|90|0|2.3|1018.6|0.0|40
2019-08-13|06:00:00|13.64|0.0|0.12|12.69|23.48|0.057|27.6|43.2|md____|14.6|90|0|2.3|1018.6|0.0|40
2019-08-13|06:01:00|13.64|0.0|0.0|12.69|23.48|0.0|27.6|43.2|md____|14.6|90|0|2.3|1018.6|0.0|40
2019-08-13|06:02:00|13.61|0.0|0.25|12.69|23.51|0.0|27.6|43.2|md____|14.6|90|0|2.3|1018.6|0.0|40
2019-08-13|06:03:00|13.66|0.0|0.12|12.69|23.48|0.0|27.6|43.2|md____|14.6|90|0|2.3|1018.6|0.0|40
2019-08-13|06:04:00|13.67|0.01|0.12|12.69|23.5|0.0|27.6|43.2|md____|14.6|90|0|2.3|1018.6|0.0|40
2019-08-13|06:05:00|13.67|0.0|0.12|12.69|23.51|0.0|27.6|43.2|md____|14.6|90|0|2.3|1018.6|0.0|40
2019-08-13|06:06:00|13.67|0.01|0.12|12.69|23.47|0.0|27.6|43.2|md____|14.6|90|0|2.3|1018.6|0.0|40
2019-08-13|06:07:00|13.68|0.0|0.0|12.69|23.51|0.0|27.6|43.2|md____|14.6|90|0|2.3|1018.6|0.0|40
2019-08-13|06:08:00|13.68|0.0|0.12|12.69|23.52|0.0|27.6|43.2|md____|14.6|90|0|2.3|1018.6|0.0|40
2019-08-13|06:09:00|13.63|0.0|0.12|12.69|23.49|0.0|27.6|43.2|md____|14.6|90|0|2.3|1018.6|0.0|40
2019-08-13|06:10:00|13.68|0.02|0.25|12.69|23.47|0.0|27.5|43.2|md____|14.6|90|0|2.3|1018.6|0.0|40
2019-08-13|06:11:00|13.67|0.0|0.25|12.69|23.5|0.0|27.6|43.2|wb____|14.3|95|0|2.3|1018.6|0.0|35
2019-08-13|06:12:00|13.69|0.0|0.12|12.69|23.48|0.0|27.6|43.2|wb____|14.3|95|0|2.3|1018.6|0.0|35
2019-08-13|06:13:00|13.69|0.01|0.38|12.69|23.49|0.0|27.5|43.2|wb____|14.3|95|0|2.3|1018.6|0.0|35
2019-08-13|06:14:00|13.69|0.0|0.12|12.69|23.47|0.0|27.5|43.2|wb____|14.3|95|0|2.3|1018.6|0.0|35
2019-08-13|06:15:00|13.69|0.0|0.25|12.69|23.46|0.0|27.5|43.2|wb____|14.3|95|0|2.3|1018.6|0.0|35
2019-08-13|06:16:00|13.69|0.01|0.12|12.69|23.5|0.0|27.5|43.2|wb____|14.3|95|0|2.3|1018.6|0.0|35
2019-08-13|06:17:00|13.7|0.0|0.25|12.69|23.45|0.0|27.5|43.2|wb____|14.3|95|0|2.3|1018.6|0.0|35
2019-08-13|06:18:00|13.66|0.01|0.38|12.69|23.49|0.0|27.6|43.2|wb____|14.3|95|0|2.3|1018.6|0.0|35
2019-08-13|06:19:00|13.69|0.01|0.38|12.7|23.46|0.0|27.6|43.2|wb____|14.3|95|0|2.3|1018.6|0.0|35
2019-08-13|06:20:00|13.71|0.0|0.38|12.7|23.49|0.0|27.6|43.2|wb____|14.3|95|5|2.3|1018.6|0.0|35
2019-08-13|06:21:00|13.71|0.01|0.12|12.69|23.46|0.0|27.5|43.2|wb____|14.3|95|5|2.3|1018.6|0.0|35
2019-08-13|06:22:00|13.7|0.01|0.25|12.7|23.46|0.0|27.5|43.2|wb____|14.3|95|5|2.3|1018.6|0.0|35
2019-08-13|06:23:00|13.67|0.02|0.25|12.69|23.47|0.0|27.5|43.2|wb____|14.3|95|5|2.3|1018.6|0.0|35
2019-08-13|06:24:00|13.66|0.02|0.25|12.69|23.45|0.0|27.5|43.2|wb____|14.3|95|5|2.3|1018.6|0.0|35
2019-08-13|06:25:00|13.71|0.01|0.25|12.7|23.44|0.0|27.5|43.2|wb____|14.3|95|5|2.3|1018.6|0.0|35
2019-08-13|06:26:00|13.72|0.02|0.5|12.7|23.47|0.0|27.5|43.2|wb____|14.3|95|5|2.3|1018.6|0.0|35
2019-08-13|06:27:00|13.72|0.02|0.38|12.7|23.45|0.0|27.5|43.1|wb____|14.3|95|5|2.3|1018.6|0.0|35
2019-08-13|06:28:00|13.72|0.02|0.38|12.69|23.42|0.0|27.5|43.1|wb____|14.3|95|5|2.3|1018.6|0.0|35
2019-08-13|06:29:00|13.69|0.03|0.5|12.69|23.45|0.0|27.5|43.2|wb____|14.3|95|5|2.3|1018.6|0.0|35
2019-08-13|06:30:00|13.73|0.03|0.38|12.7|23.46|0.0|27.5|43.1|wb____|14.2|95|15|2.3|1018.7|0.0|35
2019-08-13|06:31:00|13.72|0.03|0.38|12.69|23.44|-0.0|27.5|43.1|wb____|14.2|95|15|2.3|1018.7|0.0|35
2019-08-13|06:32:00|13.72|0.02|0.5|12.7|23.48|0.0|27.5|43.2|wb____|14.2|95|15|2.3|1018.7|0.0|35
2019-08-13|06:33:00|13.74|0.03|0.5|12.7|23.46|0.0|27.5|43.2|wb____|14.2|95|15|2.3|1018.7|0.0|35
2019-08-13|06:34:00|13.73|0.03|0.5|12.7|23.43|0.0|27.5|43.2|wb____|14.2|95|15|2.3|1018.7|0.0|35
2019-08-13|06:35:00|13.74|0.04|0.5|12.7|23.41|0.0|27.5|43.2|wb____|14.2|95|15|2.3|1018.7|0.0|35
2019-08-13|06:36:00|13.74|0.03|0.5|12.7|23.42|0.0|27.6|43.2|wb____|14.2|95|15|2.3|1018.7|0.0|35
2019-08-13|06:37:00|13.69|0.03|0.5|12.7|23.4|0.0|27.6|43.2|wb____|14.2|95|15|2.3|1018.7|0.0|35
2019-08-13|06:38:00|13.74|0.03|0.5|12.7|23.46|0.0|27.6|43.2|wb____|14.2|95|15|2.3|1018.7|0.0|35
2019-08-13|06:39:00|13.7|0.04|0.5|12.7|23.43|0.0|27.6|43.1|wb____|14.2|95|15|2.3|1018.7|0.0|35
2019-08-13|06:40:00|13.73|0.03|0.63|12.71|23.41|0.0|27.6|43.2|wb____|14.2|95|15|2.3|1018.7|0.0|35
2019-08-13|06:41:00|13.72|0.03|0.63|12.7|23.44|0.0|27.6|43.1|wb____|14.2|95|15|2.3|1018.7|0.0|35
2019-08-13|06:42:00|13.73|0.04|0.63|12.71|23.41|0.0|27.6|43.2|wb____|14.2|95|15|2.3|1018.7|0.0|35
2019-08-13|06:43:00|13.74|0.04|0.63|12.71|23.43|0.0|27.6|43.2|wb____|14.2|95|15|2.3|1018.7|0.0|35
2019-08-13|06:44:00|13.75|0.04|0.5|12.7|23.4|0.0|27.6|43.1|wb____|14.2|95|15|2.3|1018.7|0.0|35
2019-08-13|06:45:00|13.76|0.04|0.63|12.71|23.42|0.0|27.6|43.1|wb____|14.3|95|40|2.4|1018.8|0.0|35
2019-08-13|06:46:00|13.71|0.04|0.63|12.7|23.43|0.0|27.6|43.1|wb____|14.3|95|40|2.4|1018.8|0.0|35
2019-08-13|06:47:00|13.76|0.04|0.63|12.71|23.38|0.0|27.6|43.1|wb____|14.3|95|40|2.4|1018.8|0.0|35
2019-08-13|06:48:00|13.75|0.04|0.76|12.71|23.43|0.0|27.6|43.1|wb____|14.3|95|40|2.4|1018.8|0.0|35
2019-08-13|06:49:00|13.76|0.04|0.76|12.71|23.4|-0.0|27.6|43.2|wb____|14.3|95|40|2.4|1018.8|0.0|35
2019-08-13|06:50:00|13.78|0.06|0.76|12.71|23.4|0.0|27.6|43.3|wb____|14.3|95|40|2.4|1018.8|0.0|35
2019-08-13|06:51:00|13.76|0.06|1.01|12.71|23.41|0.0|27.6|43.2|wb____|14.3|95|40|2.4|1018.8|0.0|35
2019-08-13|06:52:00|25.53|0.05|0.89|12.71|23.42|0.0|27.6|43.2|wb____|14.3|95|40|2.4|1018.8|0.0|35
2019-08-13|06:53:00|22.85|0.05|0.88|12.71|23.41|0.0|27.6|43.2|wb____|14.3|95|40|2.4|1018.8|0.0|35
2019-08-13|06:54:00|16.21|0.05|1.01|12.71|23.4|0.0|27.6|43.2|wb____|14.3|95|40|2.4|1018.8|0.0|35
2019-08-13|06:55:00|13.76|0.05|0.88|12.72|23.4|0.0|27.6|43.2|wb____|14.3|95|40|2.4|1018.8|0.0|35
2019-08-13|06:56:00|13.76|0.04|0.76|12.71|23.42|0.0|27.6|43.2|wb____|14.3|95|40|2.4|1018.8|0.0|35
2019-08-13|06:57:00|13.7|0.05|0.88|12.72|23.37|0.0|27.6|43.2|wb____|14.3|95|40|2.4|1018.8|0.0|35
2019-08-13|06:58:00|13.77|0.05|0.76|12.71|23.38|0.0|27.6|43.2|wb____|14.3|95|40|2.4|1018.8|0.0|35
2019-08-13|06:59:00|13.76|0.05|0.76|12.71|23.41|-0.0|27.6|43.3|wb____|14.3|95|40|2.4|1018.8|0.0|35
2019-08-13|07:00:00|13.77|0.05|0.76|12.71|23.37|0.0|27.6|43.4|wb____|14.3|95|40|2.4|1018.8|0.0|35
2019-08-13|07:01:00|13.76|0.05|0.76|12.71|23.4|0.0|27.6|43.3|wb____|14.3|95|40|2.4|1018.8|0.0|35
2019-08-13|07:02:00|13.73|0.05|0.76|12.71|23.36|0.0|27.6|43.4|wb____|14.3|95|40|2.4|1018.8|0.0|35
2019-08-13|07:03:00|13.77|0.06|0.76|12.71|23.4|0.0|27.6|43.3|wb____|14.3|95|40|2.4|1018.8|0.0|35
2019-08-13|07:04:00|13.71|0.06|0.76|12.71|23.44|0.0|27.6|43.3|wb____|14.3|95|40|2.4|1018.8|0.0|35
2019-08-13|07:05:00|13.78|0.06|0.89|12.71|23.41|0.0|27.6|43.4|wb____|14.3|95|40|2.4|1018.8|0.0|35
2019-08-13|07:06:00|13.76|0.07|0.76|12.71|23.39|0.0|27.6|43.5|wb____|14.3|95|40|2.4|1018.8|0.0|35
2019-08-13|07:07:00|13.78|0.07|0.89|12.72|23.41|0.0|27.6|43.6|wb____|14.3|95|40|2.4|1018.8|0.0|35
2019-08-13|07:08:00|13.77|0.07|1.01|12.72|23.4|0.0|27.7|43.6|wb____|14.3|95|40|2.4|1018.8|0.0|35
2019-08-13|07:09:00|13.81|0.06|1.01|12.73|23.37|0.0|27.7|43.6|wb____|14.3|95|40|2.4|1018.8|0.0|35
2019-08-13|07:10:00|13.79|0.07|1.01|12.73|23.37|0.0|27.7|43.7|wb____|14.4|95|55|2.4|1018.9|0.0|35
2019-08-13|07:11:00|13.8|0.07|1.14|12.72|23.36|0.0|27.7|43.6|wb____|14.4|95|55|2.4|1018.9|0.0|35
2019-08-13|07:12:00|13.8|0.08|1.14|12.73|23.42|0.0|27.7|43.6|wb____|14.4|95|55|2.4|1018.9|0.0|35
2019-08-13|07:13:00|13.81|0.08|1.14|12.72|23.39|0.0|27.7|43.5|wb____|14.4|95|55|2.4|1018.9|0.0|35
2019-08-13|07:14:00|13.8|0.1|1.14|12.73|23.38|0.0|27.7|43.5|wb____|14.4|95|55|2.4|1018.9|0.0|35
2019-08-13|07:15:00|13.79|0.09|1.27|12.73|23.36|0.0|27.7|43.5|wb____|14.4|95|55|2.4|1018.9|0.0|35
2019-08-13|07:16:00|13.81|0.09|1.27|12.73|23.43|-0.0|27.7|43.4|wb____|14.4|95|55|2.4|1018.9|0.0|35
2019-08-13|07:17:00|13.81|0.09|1.27|12.73|23.36|0.0|27.7|43.4|wb____|14.4|95|55|2.4|1018.9|0.0|35
2019-08-13|07:18:00|13.8|0.1|1.52|12.73|23.39|0.0|27.7|43.4|wb____|14.4|95|55|2.4|1018.9|0.0|35
2019-08-13|07:19:00|13.85|0.09|1.52|12.73|23.39|0.0|27.7|43.4|wb____|14.4|95|55|2.4|1018.9|0.0|35
2019-08-13|07:20:00|13.84|0.1|1.4|12.73|23.36|0.0|27.7|43.4|wb____|14.5|90|85|2.4|1018.9|0.0|30
2019-08-13|07:21:00|13.82|0.11|1.4|12.74|23.37|0.0|27.7|43.2|wb____|14.5|90|85|2.4|1018.9|0.0|30
2019-08-13|07:22:00|13.85|0.1|1.52|12.73|23.37|0.0|27.7|43.1|wb____|14.5|90|85|2.4|1018.9|0.0|30
2019-08-13|07:23:00|13.82|0.1|1.27|12.74|23.39|0.0|27.7|43.0|wb____|14.5|90|85|2.4|1018.9|0.0|30
2019-08-13|07:24:00|13.84|0.1|1.4|12.74|23.36|0.0|27.7|43.0|wb____|14.5|90|85|2.4|1018.9|0.0|30
2019-08-13|07:25:00|13.83|0.11|1.4|12.74|23.41|0.0|27.7|43.0|wb____|14.5|90|110|2.4|1019.0|0.0|30
2019-08-13|07:26:00|13.85|0.11|1.4|12.74|23.41|0.0|27.8|42.9|wb____|14.5|90|110|2.4|1019.0|0.0|30
2019-08-13|07:27:00|13.85|0.11|1.65|12.74|23.39|0.0|27.8|42.9|wb____|14.5|90|110|2.4|1019.0|0.0|30
2019-08-13|07:28:00|13.87|0.12|1.52|12.74|23.36|0.0|27.8|42.8|wb____|14.5|90|110|2.4|1019.0|0.0|30
2019-08-13|07:29:00|13.86|0.12|1.65|12.75|23.38|0.0|27.8|42.7|wb____|14.5|90|110|2.4|1019.0|0.0|30
2019-08-13|07:30:00|13.85|0.11|1.53|12.74|23.38|0.0|27.8|42.8|wb____|14.5|90|110|2.4|1019.0|0.0|30
2019-08-13|07:31:00|13.86|0.11|1.78|12.75|23.35|0.0|27.8|42.8|wb____|14.5|90|110|2.4|1019.0|0.0|30
2019-08-13|07:32:00|13.81|0.11|1.65|12.75|23.38|0.0|27.8|42.8|wb____|14.5|90|110|2.4|1019.0|0.0|30
2019-08-13|07:33:00|13.87|0.12|1.65|12.75|23.35|0.0|27.8|42.8|wb____|14.5|90|110|2.4|1019.0|0.0|30
2019-08-13|07:34:00|13.85|0.1|1.65|12.75|23.39|0.0|27.8|42.8|wb____|14.5|90|110|2.4|1019.0|0.0|30
2019-08-13|07:35:00|13.86|0.1|1.53|12.75|23.34|0.0|27.8|42.8|wb____|14.5|90|110|2.4|1019.0|0.0|30
2019-08-13|07:36:00|13.83|0.1|1.27|12.75|23.39|0.0|27.8|42.8|wb____|14.5|90|110|2.4|1019.0|0.0|30
2019-08-13|07:37:00|13.85|0.11|1.53|12.75|23.37|0.0|27.8|42.9|wb____|14.5|90|110|2.4|1019.0|0.0|30
2019-08-13|07:38:00|13.83|0.11|1.27|12.75|23.35|0.0|27.8|42.9|wb____|14.5|90|110|2.4|1019.0|0.0|30
2019-08-13|07:39:00|13.85|0.1|1.53|12.75|23.37|-0.0|27.8|42.9|wb____|14.5|90|110|2.4|1019.0|0.0|30
2019-08-13|07:40:00|13.82|0.1|1.4|12.75|23.36|0.0|27.8|42.8|wb____|14.6|90|175|2.4|1019.0|0.0|30
2019-08-13|07:41:00|13.85|0.11|1.4|12.75|23.35|0.0|27.8|42.8|wb____|14.6|90|175|2.4|1019.0|0.0|30
2019-08-13|07:42:00|13.86|0.1|1.4|12.75|23.4|0.0|27.8|42.9|wb____|14.6|90|175|2.4|1019.0|0.0|30
2019-08-13|07:43:00|13.85|0.11|1.14|12.76|23.38|0.0|27.8|42.9|wb____|14.6|90|175|2.4|1019.0|0.0|30
2019-08-13|07:44:00|13.87|0.11|1.53|12.75|23.35|0.0|27.8|42.9|wb____|14.6|90|175|2.4|1019.0|0.0|30
2019-08-13|07:45:00|13.83|0.1|1.65|12.75|23.4|0.0|27.8|42.9|wb____|14.6|90|175|2.4|1019.0|0.0|30
2019-08-13|07:46:00|13.85|0.11|1.53|12.76|23.35|0.0|27.8|43.0|wb____|14.6|90|175|2.4|1019.0|0.0|30
2019-08-13|07:47:00|13.87|0.11|1.65|12.75|23.37|0.0|27.8|42.9|wb____|14.6|90|175|2.4|1019.0|0.0|30
2019-08-13|07:48:00|13.86|0.11|1.65|12.76|23.39|0.0|27.8|42.8|wb____|14.6|90|175|2.4|1019.0|0.0|30
2019-08-13|07:49:00|13.85|0.11|1.65|12.76|23.38|0.0|27.8|42.9|wb____|14.6|90|175|2.4|1019.0|0.0|30
2019-08-13|07:50:00|13.85|0.1|1.53|12.76|23.41|0.0|27.8|42.9|wb____|14.6|90|175|2.4|1019.0|0.0|30
2019-08-13|07:51:00|13.87|0.11|1.4|12.76|23.35|0.0|27.8|42.8|wb____|14.6|90|175|2.4|1019.0|0.0|30
2019-08-13|07:52:00|13.87|0.11|1.65|12.76|23.38|0.0|27.8|42.6|wb____|14.6|90|175|2.4|1019.0|0.0|30
2019-08-13|07:53:00|24.24|0.11|1.65|12.77|23.36|0.0|27.8|42.7|wb____|14.6|90|175|2.4|1019.0|0.0|30
2019-08-13|07:54:00|20.76|0.11|2.29|12.77|23.36|0.0|27.8|42.4|wb____|14.6|90|175|2.4|1019.0|0.0|30
2019-08-13|07:55:00|17.63|0.11|2.17|12.78|23.36|0.0|27.8|42.4|wb____|14.6|90|175|2.4|1019.0|0.0|30
2019-08-13|07:56:00|13.88|0.11|1.91|12.78|23.37|0.0|27.8|42.5|wb____|14.6|90|175|2.4|1019.0|0.0|30
2019-08-13|07:57:00|13.9|0.15|1.78|12.77|23.35|0.0|27.8|42.3|wb____|14.6|90|175|2.4|1019.0|0.0|30
2019-08-13|07:58:00|13.87|0.11|2.17|12.78|23.35|0.0|27.8|42.5|wb____|14.6|90|175|2.4|1019.0|0.0|30
2019-08-13|07:59:00|13.89|0.11|1.66|12.77|23.36|0.0|27.8|42.4|wb____|14.6|90|175|2.4|1019.0|0.0|30
2019-08-13|08:00:00|13.88|0.13|1.78|12.77|23.35|0.0|27.8|42.4|wb____|14.6|90|175|2.4|1019.0|0.0|30
2019-08-13|08:01:00|13.89|0.11|1.91|12.78|23.38|0.0|27.8|42.4|wb____|14.6|90|175|2.4|1019.0|0.0|30
2019-08-13|08:02:00|13.88|0.11|1.66|12.77|23.38|0.0|27.8|42.5|wb____|14.6|90|175|2.4|1019.0|0.0|30
2019-08-13|08:03:00|13.82|0.11|1.66|12.77|23.41|0.0|27.8|42.4|wb____|14.6|90|175|2.4|1019.0|0.0|30
2019-08-13|08:04:00|13.9|0.13|1.91|12.77|23.39|0.0|27.8|42.3|wb____|14.6|90|175|2.4|1019.0|0.0|30
2019-08-13|08:05:00|13.88|0.11|1.91|12.78|23.37|0.0|27.8|42.3|wb____|14.6|90|175|2.4|1019.0|0.0|30
2019-08-13|08:06:00|13.87|0.11|1.66|12.77|23.42|0.0|27.8|42.4|wb____|14.6|90|175|2.4|1019.0|0.0|30
2019-08-13|08:07:00|13.88|0.1|1.53|12.77|23.35|0.0|27.8|42.4|wb____|14.6|90|175|2.4|1019.0|0.0|30
2019-08-13|08:08:00|13.85|0.11|1.53|12.77|23.38|0.0|27.8|42.4|wb____|14.6|90|175|2.4|1019.0|0.0|30
2019-08-13|08:09:00|13.81|0.1|1.53|12.77|23.35|0.0|27.8|42.4|wb____|14.6|90|175|2.4|1019.0|0.0|30
2019-08-13|08:10:00|13.87|0.11|1.4|12.77|23.35|0.0|27.8|42.4|wb____|14.7|90|280|2.4|1019.1|0.0|25
2019-08-13|08:11:00|13.87|0.11|1.53|12.77|23.38|0.0|27.8|42.4|wb____|14.7|90|280|2.4|1019.1|0.0|25
2019-08-13|08:12:00|13.86|0.12|1.53|12.77|23.38|0.0|27.7|42.4|wb____|14.7|90|280|2.4|1019.1|0.0|25
2019-08-13|08:13:00|13.85|0.13|1.78|12.77|23.37|0.0|27.7|42.3|wb____|14.7|90|280|2.4|1019.1|0.0|25
2019-08-13|08:14:00|13.9|0.11|1.78|12.77|23.38|0.0|27.7|42.2|wb____|14.7|90|280|2.4|1019.1|0.0|25
2019-08-13|08:15:00|13.88|0.11|1.66|12.77|23.41|0.0|27.7|42.1|wb____|14.7|90|280|2.4|1019.1|0.0|25
2019-08-13|08:16:00|13.89|0.11|1.66|12.77|23.33|0.0|27.7|42.3|wb____|14.7|90|280|2.4|1019.1|0.0|25
2019-08-13|08:17:00|13.89|0.12|1.78|12.78|23.35|0.0|27.7|42.3|wb____|14.7|90|280|2.4|1019.1|0.0|25
2019-08-13|08:18:00|13.87|0.12|1.66|12.77|23.37|0.0|27.7|42.2|wb____|14.7|90|280|2.4|1019.1|0.0|25
2019-08-13|08:19:00|13.91|0.14|1.78|12.78|23.32|0.0|27.7|42.2|wb____|14.7|90|280|2.4|1019.1|0.0|25
2019-08-13|08:20:00|13.92|0.13|2.17|12.78|23.32|0.0|27.7|42.2|wb____|14.8|90|295|2.4|1019.1|0.0|25
2019-08-13|08:21:00|13.88|0.14|1.91|12.78|23.36|0.0|27.7|42.4|wb____|14.8|90|295|2.4|1019.1|0.0|25
2019-08-13|08:22:00|13.91|0.13|1.91|12.79|23.33|0.0|27.7|42.4|wb____|14.8|90|295|2.4|1019.1|0.0|25
2019-08-13|08:23:00|13.89|0.13|2.04|12.78|23.36|0.0|27.7|42.4|wb____|14.8|90|295|2.4|1019.1|0.0|25
2019-08-13|08:24:00|13.92|0.15|1.91|12.78|23.36|0.0|27.7|42.6|wb____|14.8|90|295|2.4|1019.1|0.0|25
2019-08-13|08:25:00|13.92|0.14|2.04|12.8|23.32|0.0|27.8|42.2|wb____|14.8|90|295|2.4|1019.1|0.0|25
2019-08-13|08:26:00|13.92|0.14|2.04|12.79|23.33|0.0|27.8|42.3|wb____|14.8|90|295|2.4|1019.1|0.0|25
2019-08-13|08:27:00|13.89|0.14|2.3|12.8|23.34|0.0|27.8|42.2|wb____|14.8|90|295|2.4|1019.1|0.0|25
2019-08-13|08:28:00|13.86|0.15|2.3|12.8|23.31|0.0|27.8|42.1|wb____|14.8|90|295|2.4|1019.1|0.0|25
2019-08-13|08:29:00|13.92|0.15|1.92|12.8|23.32|0.0|27.9|42.3|wb____|14.8|90|295|2.4|1019.1|0.0|25
2019-08-13|08:30:00|13.94|0.16|2.3|12.79|23.36|0.0|27.9|42.2|wb____|14.8|90|315|2.5|1019.1|0.0|25
2019-08-13|08:31:00|13.92|0.14|2.3|12.8|23.38|0.0|27.9|42.0|wb____|14.8|90|315|2.5|1019.1|0.0|25
2019-08-13|08:32:00|13.94|0.16|2.3|12.8|23.33|0.0|27.9|41.9|wb____|14.8|90|315|2.5|1019.1|0.0|25
2019-08-13|08:33:00|13.94|0.17|2.3|12.8|23.29|0.0|27.9|41.9|wb____|14.8|90|315|2.5|1019.1|0.0|25
2019-08-13|08:34:00|13.94|0.17|2.3|12.8|23.33|0.0|27.9|41.8|wb____|14.8|90|315|2.5|1019.1|0.0|25
2019-08-13|08:35:00|13.95|0.16|2.43|12.8|23.33|0.0|27.9|41.8|wb____|14.8|90|315|2.5|1019.1|0.0|25
2019-08-13|08:36:00|13.9|0.18|2.43|12.8|23.32|0.0|27.9|41.8|wb____|14.8|90|315|2.5|1019.1|0.0|25
2019-08-13|08:37:00|13.96|0.19|2.3|12.81|23.31|0.0|27.9|41.7|wb____|14.8|90|315|2.5|1019.1|0.0|25
2019-08-13|08:38:00|13.99|0.19|2.69|12.81|23.33|0.0|27.9|41.7|wb____|14.8|90|315|2.5|1019.1|0.0|25
2019-08-13|08:39:00|13.98|0.19|2.56|12.82|23.29|0.0|27.9|41.7|wb____|14.8|90|315|2.5|1019.1|0.0|25
2019-08-13|08:40:00|13.98|0.21|2.82|12.82|23.29|0.0|27.9|41.7|wb____|14.9|90|360|2.4|1019.2|0.0|25
2019-08-13|08:41:00|14.0|0.21|3.2|12.82|23.3|0.0|27.9|41.7|wb____|14.9|90|360|2.4|1019.2|0.0|25
2019-08-13|08:42:00|13.99|0.21|2.95|12.83|23.33|0.0|27.9|41.6|wb____|14.9|90|360|2.4|1019.2|0.0|25
2019-08-13|08:43:00|13.99|0.21|2.95|12.83|23.33|0.0|27.9|41.7|wb____|14.9|90|360|2.4|1019.2|0.0|25
2019-08-13|08:44:00|14.0|0.2|2.69|12.83|23.34|0.0|27.8|41.9|wb____|14.9|90|360|2.4|1019.2|0.0|25
2019-08-13|08:45:00|13.99|0.21|2.95|12.83|23.31|0.0|27.8|41.9|wb____|14.9|90|360|2.4|1019.2|0.0|25
2019-08-13|08:46:00|13.99|0.2|2.82|12.83|23.34|0.0|27.8|41.8|wb____|14.9|90|360|2.4|1019.2|0.0|25
2019-08-13|08:47:00|14.01|0.21|2.82|12.84|23.31|0.0|27.8|41.9|wb____|14.9|90|360|2.4|1019.2|0.0|25
2019-08-13|08:48:00|14.0|0.19|2.82|12.84|23.36|0.0|27.8|41.8|wb____|14.9|90|360|2.4|1019.2|0.0|25
2019-08-13|08:49:00|13.99|0.2|2.69|12.83|23.29|0.0|27.8|41.9|wb____|14.9|90|360|2.4|1019.2|0.0|25
2019-08-13|08:50:00|14.01|0.21|3.07|12.84|23.31|0.0|27.8|41.9|wb____|14.9|90|360|2.4|1019.2|0.0|25
2019-08-13|08:51:00|14.03|0.23|3.08|12.85|23.34|0.0|27.8|41.9|wb____|14.9|90|360|2.4|1019.2|0.0|25
2019-08-13|08:52:00|14.03|0.25|3.21|12.85|23.33|0.0|27.8|41.8|wb____|14.9|90|360|2.4|1019.2|0.0|25
2019-08-13|08:53:00|14.03|0.24|3.47|12.85|23.3|0.0|27.8|41.7|wb____|14.9|90|360|2.4|1019.2|0.0|25
2019-08-13|08:54:00|25.06|0.22|3.6|12.85|23.3|0.0|27.8|41.7|wb____|14.9|90|360|2.4|1019.2|0.0|25
2019-08-13|08:55:00|23.6|0.22|3.85|12.86|23.32|0.0|27.8|41.5|wb____|14.9|90|360|2.4|1019.2|0.0|25
2019-08-13|08:56:00|15.06|0.21|4.89|12.88|23.29|0.0|27.8|41.5|wb____|14.9|90|360|2.4|1019.2|0.0|25
2019-08-13|08:57:00|14.07|0.25|3.08|12.88|23.31|0.0|27.8|41.5|wb____|14.9|90|360|2.4|1019.2|0.0|25
2019-08-13|08:58:00|14.07|0.24|3.47|12.87|23.29|0.0|27.8|41.5|wb____|14.9|90|360|2.4|1019.2|0.0|25
2019-08-13|08:59:00|14.06|0.22|3.47|12.87|23.28|0.0|27.8|41.7|wb____|14.9|90|360|2.4|1019.2|0.0|25
2019-08-13|09:00:00|14.05|0.23|3.34|12.87|23.32|0.0|27.8|41.7|wb____|14.9|90|360|2.4|1019.2|0.0|25
2019-08-13|09:01:00|14.05|0.24|2.96|12.88|23.33|0.0|27.8|41.6|wb____|14.9|90|360|2.4|1019.2|0.0|25
2019-08-13|09:02:00|14.06|0.22|3.73|12.87|23.32|0.0|27.8|41.5|wb____|14.9|90|360|2.4|1019.2|0.0|25
2019-08-13|09:03:00|14.08|0.27|3.34|12.88|23.3|0.0|27.8|41.6|wb____|14.9|90|360|2.4|1019.2|0.0|25
2019-08-13|09:04:00|14.07|0.27|3.99|12.88|23.3|0.0|27.8|41.5|wb____|14.9|90|360|2.4|1019.2|0.0|25
2019-08-13|09:05:00|14.09|0.23|4.12|12.89|23.31|0.0|27.8|41.5|wb____|14.9|90|360|2.4|1019.2|0.0|25
2019-08-13|09:06:00|14.09|0.25|3.73|12.89|23.32|0.0|27.8|41.4|wb____|14.9|90|360|2.4|1019.2|0.0|25
2019-08-13|09:07:00|14.1|0.26|3.99|12.89|23.3|0.0|27.8|41.6|wb____|14.9|90|360|2.4|1019.2|0.0|25
2019-08-13|09:08:00|14.08|0.24|3.99|12.9|23.27|0.0|27.8|41.5|wb____|14.9|90|360|2.4|1019.2|0.0|25
2019-08-13|09:09:00|14.08|0.24|3.6|12.9|23.32|0.0|27.8|41.4|wb____|14.9|90|360|2.4|1019.2|0.0|25
2019-08-13|09:10:00|14.06|0.22|3.35|12.89|23.3|0.0|27.8|41.4|wb____|14.9|90|360|2.4|1019.2|0.0|25
2019-08-13|09:11:00|14.07|0.23|2.83|12.9|23.3|0.0|27.8|41.2|wb____|15.1|90|375|2.3|1019.2|0.0|25
2019-08-13|09:12:00|14.05|0.2|3.09|12.89|23.27|0.0|27.8|41.2|wb____|15.1|90|375|2.3|1019.2|0.0|25
2019-08-13|09:13:00|14.05|0.21|3.22|12.89|23.28|0.0|27.8|41.2|wb____|15.1|90|375|2.3|1019.2|0.0|25
2019-08-13|09:14:00|14.06|0.21|2.83|12.89|23.32|0.0|27.8|41.1|wb____|15.1|90|375|2.3|1019.2|0.0|25
2019-08-13|09:15:00|14.05|0.2|3.22|12.89|23.31|0.0|27.8|41.1|wb____|15.1|90|375|2.3|1019.2|0.0|25
2019-08-13|09:16:00|14.05|0.21|3.09|12.89|23.29|0.0|27.8|41.1|wb____|15.1|90|375|2.3|1019.2|0.0|25
2019-08-13|09:17:00|14.04|0.21|3.35|12.89|23.31|0.0|27.8|41.1|wb____|15.1|90|375|2.3|1019.2|0.0|25
2019-08-13|09:18:00|14.03|0.22|2.96|12.89|23.29|0.0|27.8|41.2|wb____|15.1|90|375|2.3|1019.2|0.0|25
2019-08-13|09:19:00|14.03|0.19|2.83|12.89|23.33|0.0|27.8|41.1|wb____|15.1|90|375|2.3|1019.2|0.0|25
2019-08-13|09:20:00|14.0|0.19|2.57|12.88|23.31|0.0|27.8|41.0|wb____|15.2|90|350|2.3|1019.2|0.0|25
2019-08-13|09:21:00|14.05|0.19|2.57|12.89|23.33|0.0|27.8|41.0|wb____|15.2|90|350|2.3|1019.2|0.0|25
2019-08-13|09:22:00|14.04|0.21|2.83|12.89|23.29|0.0|27.8|40.8|wb____|15.2|90|350|2.3|1019.2|0.0|25
2019-08-13|09:23:00|14.05|0.2|2.83|12.89|23.32|0.0|27.8|40.7|wb____|15.2|90|350|2.3|1019.2|0.0|25
2019-08-13|09:24:00|14.06|0.21|2.83|12.89|23.33|0.0|27.8|40.8|wb____|15.2|90|350|2.3|1019.2|0.0|25
2019-08-13|09:25:00|14.05|0.22|3.09|12.89|23.3|0.0|27.8|41.0|wb____|15.2|90|350|2.3|1019.2|0.0|25
2019-08-13|09:26:00|14.07|0.24|3.22|12.89|23.3|0.0|27.8|40.9|wb____|15.2|90|350|2.3|1019.2|0.0|25
2019-08-13|09:50:00|14.07|0.2|2.71|12.92|23.25|0.0|27.8|39.5|wb____|15.3|85|460|2.3|1019.2|0.0|25
2019-08-13|09:51:00|14.08|0.21|2.84|12.92|23.26|0.0|27.8|39.4|wb____|15.3|85|460|2.3|1019.2|0.0|25
2019-08-13|09:52:00|14.1|0.22|3.23|12.92|23.26|0.0|27.7|39.3|wb____|15.3|85|460|2.3|1019.2|0.0|25
2019-08-13|09:53:00|14.09|0.24|3.23|12.92|23.3|0.0|27.7|39.3|wb____|15.3|85|460|2.3|1019.2|0.0|25
2019-08-13|09:54:00|14.11|0.24|3.35|12.92|23.3|0.0|27.7|39.3|wb____|15.3|85|460|2.3|1019.2|0.0|25
2019-08-13|09:55:00|14.06|0.24|3.48|12.93|23.26|0.0|27.7|39.2|wb____|15.3|85|460|2.3|1019.2|0.0|25
2019-08-13|09:56:00|17.85|0.23|4.14|12.94|23.3|0.0|27.7|39.1|wb____|15.3|85|460|2.3|1019.2|0.0|25
2019-08-13|09:57:00|23.01|0.2|4.4|12.96|23.26|0.0|27.7|39.0|wb____|15.3|85|460|2.3|1019.2|0.0|25
2019-08-13|09:58:00|14.9|0.26|3.75|12.95|23.28|0.0|27.7|38.9|wb____|15.3|85|460|2.3|1019.2|0.0|25
2019-08-13|09:59:00|14.1|0.19|2.45|12.94|23.27|0.0|27.7|38.8|wb____|15.3|85|460|2.3|1019.2|0.0|25
2019-08-13|10:00:00|14.07|0.16|2.32|12.93|23.27|0.0|27.7|38.9|wb____|15.3|85|460|2.3|1019.2|0.0|25
2019-08-13|10:01:00|14.04|0.14|2.06|12.92|23.28|0.0|27.7|38.8|wb____|15.3|85|460|2.3|1019.2|0.0|25
2019-08-13|10:02:00|14.04|0.16|2.32|12.91|23.23|0.0|27.7|38.9|wb____|15.3|85|460|2.3|1019.2|0.0|25
2019-08-13|10:03:00|14.03|0.16|2.32|12.91|23.26|0.0|27.7|38.8|wb____|15.3|85|460|2.3|1019.2|0.0|25
2019-08-13|10:04:00|14.07|0.2|2.71|12.91|23.24|0.0|27.7|38.8|wb____|15.3|85|460|2.3|1019.2|0.0|25
2019-08-13|10:05:00|13.99|0.15|2.45|12.91|23.28|0.0|27.7|38.7|wb____|15.3|85|460|2.3|1019.2|0.0|25
2019-08-13|10:06:00|14.04|0.16|2.19|12.91|23.25|0.0|27.7|38.8|wb____|15.3|85|460|2.3|1019.2|0.0|25
2019-08-13|10:07:00|14.07|0.17|2.45|12.9|23.24|0.0|27.7|38.8|wb____|15.3|85|460|2.3|1019.2|0.0|25
2019-08-13|10:08:00|14.06|0.17|2.71|12.91|23.24|0.0|27.7|38.8|wb____|15.3|85|460|2.3|1019.2|0.0|25
2019-08-13|10:09:00|14.07|0.2|2.84|12.92|23.28|0.0|27.7|38.8|wb____|15.3|85|460|2.3|1019.2|0.0|25
2019-08-13|10:10:00|14.09|0.18|2.71|12.91|23.23|0.0|27.7|38.9|so____|15.5|85|675|2.2|1019.2|0.0|15
2019-08-13|10:11:00|14.1|0.25|3.62|12.92|23.27|0.0|27.7|39.0|so____|15.5|85|675|2.2|1019.2|0.0|15
2019-08-13|10:12:00|14.14|0.29|4.01|12.94|23.24|0.0|27.7|39.0|so____|15.5|85|675|2.2|1019.2|0.0|15
2019-08-13|10:13:00|14.17|0.31|4.65|12.94|23.27|0.0|27.7|38.9|so____|15.5|85|675|2.2|1019.2|0.0|15
2019-08-13|10:14:00|14.15|0.25|3.75|12.95|23.24|0.0|27.7|38.9|so____|15.5|85|675|2.2|1019.2|0.0|15
2019-08-13|10:15:00|14.15|0.26|3.75|12.95|23.26|0.0|27.7|39.0|so____|15.5|85|675|2.2|1019.2|0.0|15
2019-08-13|10:17:00|14.1|0.18|2.58|12.94|23.25|0.0|27.7|39.0|so____|15.5|85|675|2.2|1019.2|0.0|15
2019-08-13|10:18:00|14.09|0.2|2.97|12.93|23.27|0.0|27.7|39.0|so____|15.5|85|675|2.2|1019.2|0.0|15
2019-08-13|10:19:00|14.1|0.22|3.1|12.94|23.31|0.0|27.7|38.9|so____|15.5|85|675|2.2|1019.2|0.0|15
2019-08-13|10:20:00|14.1|0.21|3.1|12.94|23.23|0.0|27.7|39.0|so____|15.5|85|675|2.2|1019.2|0.0|15
2019-08-13|10:21:00|14.11|0.24|3.23|12.94|23.25|0.0|27.7|38.9|so____|15.5|85|710|2.1|1019.1|0.0|10
2019-08-13|10:22:00|14.11|0.18|2.45|12.93|23.27|0.0|27.7|38.7|so____|15.5|85|710|2.1|1019.1|0.0|10
2019-08-13|10:23:00|14.08|0.17|2.58|12.93|23.28|0.0|27.7|38.6|so____|15.5|85|710|2.1|1019.1|0.0|10
2019-08-13|10:24:00|14.08|0.18|2.45|12.93|23.26|0.0|27.7|38.6|so____|15.5|85|710|2.1|1019.1|0.0|10
2019-08-13|10:25:00|14.1|0.22|2.84|12.93|23.24|0.0|27.7|38.6|so____|15.5|85|710|2.1|1019.1|0.0|10
2019-08-13|10:26:00|14.09|0.18|2.71|12.93|23.23|0.0|27.7|38.6|so____|15.5|85|710|2.1|1019.1|0.0|10
2019-08-13|10:27:00|14.12|0.23|3.36|12.94|23.26|0.0|27.7|38.6|so____|15.5|85|710|2.1|1019.1|0.0|10
2019-08-13|10:28:00|14.14|0.25|3.75|12.94|23.23|0.0|27.7|38.5|so____|15.5|85|710|2.1|1019.1|0.0|10
2019-08-13|10:29:00|14.12|0.22|3.23|12.94|23.23|0.0|27.7|38.6|so____|15.5|85|710|2.1|1019.1|0.0|10
2019-08-13|10:30:00|14.14|0.26|3.75|12.94|23.25|0.0|27.7|38.5|so____|15.5|85|710|2.1|1019.1|0.0|10
2019-08-13|10:31:00|14.14|0.27|4.01|12.95|23.27|0.0|27.7|38.6|so____|15.6|85|720|3.0|1019.1|0.0|15
2019-08-13|10:32:00|14.16|0.29|4.27|12.96|23.25|0.0|27.7|38.5|so____|15.6|85|720|3.0|1019.1|0.0|15
2019-08-13|10:33:00|14.16|0.27|3.88|12.96|23.28|0.0|27.7|38.5|so____|15.6|85|720|3.0|1019.1|0.0|15
2019-08-13|10:34:00|14.19|0.3|4.4|12.97|23.27|0.0|27.7|38.4|so____|15.6|85|720|3.0|1019.1|0.0|15
2019-08-13|10:35:00|14.21|0.33|4.53|12.97|23.24|0.0|27.7|38.6|so____|15.6|85|720|3.0|1019.1|0.0|15
2019-08-13|10:36:00|14.23|0.34|5.06|12.98|23.27|0.0|27.7|38.6|so____|15.6|85|720|3.0|1019.1|0.0|15
2019-08-13|10:37:00|14.23|0.32|4.54|12.99|23.3|0.0|27.7|38.6|so____|15.6|85|720|3.0|1019.1|0.0|15
2019-08-13|10:38:00|14.15|0.31|4.15|12.98|23.28|0.0|27.7|38.5|so____|15.6|85|720|3.0|1019.1|0.0|15
2019-08-13|10:39:00|14.23|0.32|4.54|12.99|23.26|0.0|27.7|38.4|so____|15.6|85|720|3.0|1019.1|0.0|15
2019-08-13|10:40:00|14.23|0.3|4.28|12.99|23.29|-0.0|27.7|38.3|so____|15.6|85|720|3.0|1019.1|0.0|15
2019-08-13|10:41:00|14.19|0.26|3.89|12.99|23.28|0.0|27.7|38.3|so____|15.6|85|720|3.0|1019.1|0.0|15
2019-08-13|10:42:00|14.16|0.21|3.5|12.98|23.24|0.0|27.7|38.5|so____|15.6|85|755|2.6|1019.1|0.0|15
2019-08-13|10:43:00|14.14|0.21|2.72|12.98|23.27|0.0|27.7|38.4|so____|15.6|85|755|2.6|1019.1|0.0|15
2019-08-13|10:44:00|14.15|0.23|3.11|12.98|23.24|0.0|27.7|38.3|so____|15.6|85|755|2.6|1019.1|0.0|15
2019-08-13|10:45:00|14.16|0.23|3.37|12.98|23.24|0.0|27.7|38.5|so____|15.6|85|755|2.6|1019.1|0.0|15
2019-08-13|10:46:00|14.16|0.24|3.37|12.97|23.26|0.0|27.7|38.5|so____|15.6|85|755|2.6|1019.1|0.0|15
2019-08-13|10:47:00|14.2|0.29|3.89|12.98|23.24|0.0|27.7|38.3|so____|15.6|85|755|2.6|1019.1|0.0|15
2019-08-13|10:48:00|14.18|0.25|3.76|12.98|23.29|0.0|27.7|38.3|so____|15.6|85|755|2.6|1019.1|0.0|15
2019-08-13|10:50:00|14.18|0.26|3.89|12.98|23.28|0.0|27.7|38.2|so____|15.6|85|755|2.6|1019.1|0.0|15
2019-08-13|10:51:00|14.2|0.31|4.28|12.98|23.27|0.0|27.7|38.2|so____|15.6|85|755|2.6|1019.1|0.0|15
2019-08-13|10:52:00|14.23|0.31|4.41|12.99|23.29|0.0|27.7|38.0|so____|15.6|85|755|2.6|1019.1|0.0|15
2019-08-13|10:53:00|14.23|0.32|4.41|12.99|23.28|0.0|27.7|37.8|so____|15.6|85|755|2.6|1019.1|0.0|15
2019-08-13|10:54:00|14.23|0.34|4.94|13.0|23.24|0.0|27.7|37.8|so____|15.6|85|755|2.6|1019.1|0.0|15
2019-08-13|10:55:00|14.27|0.38|5.07|13.01|23.23|0.0|27.7|37.7|so____|15.6|85|755|2.6|1019.1|0.0|15
2019-08-13|10:56:00|14.25|0.37|5.07|13.01|23.25|0.0|27.7|37.6|so____|15.6|85|755|2.6|1019.1|0.0|15
2019-08-13|10:57:00|42.85|0.0|0.52|13.0|23.21|0.0|27.8|37.5|so____|15.6|85|755|2.6|1019.1|0.0|15
2019-08-13|10:58:00|29.36|0.25|8.09|13.05|23.23|0.0|27.8|37.4|so____|15.6|85|755|2.6|1019.1|0.0|15
2019-08-13|10:59:00|17.33|0.29|5.08|13.04|23.28|0.0|27.7|37.3|so____|15.6|85|755|2.6|1019.1|0.0|15
2019-08-13|11:00:00|14.26|0.35|4.95|13.03|23.24|0.0|27.7|37.4|so____|15.6|85|755|2.6|1019.1|0.0|15
2019-08-13|11:01:00|14.25|0.33|4.69|13.02|23.23|0.0|27.7|37.4|so____|15.6|85|755|2.6|1019.1|0.0|15
2019-08-13|11:02:00|14.29|0.34|5.07|13.03|23.22|0.0|27.7|37.4|so____|15.6|85|755|2.6|1019.1|0.0|15
2019-08-13|11:03:00|14.27|0.31|4.69|13.03|23.24|0.0|27.7|37.3|so____|15.6|85|755|2.6|1019.1|0.0|15
2019-08-13|11:04:00|14.27|0.32|4.81|13.02|23.23|0.0|27.8|37.3|so____|15.6|85|755|2.6|1019.1|0.0|15
2019-08-13|11:05:00|14.28|0.32|4.95|13.03|23.26|0.0|27.8|37.3|so____|15.6|85|755|2.6|1019.1|0.0|15
2019-08-13|11:06:00|14.27|0.35|5.34|13.03|23.23|0.0|27.8|37.3|so____|15.6|85|755|2.6|1019.1|0.0|15
2019-08-13|11:07:00|14.28|0.38|5.6|13.04|23.24|0.0|27.8|37.3|so____|15.8|85|750|2.0|1019.0|0.0|20
2019-08-13|11:08:00|14.29|0.38|5.34|13.03|23.23|0.0|27.8|37.3|so____|15.8|85|750|2.0|1019.0|0.0|20
2019-08-13|11:09:00|14.3|0.35|5.08|13.04|23.29|0.0|27.8|37.4|so____|15.8|85|750|2.0|1019.0|0.0|20
2019-08-13|11:10:00|14.28|0.39|5.47|13.04|23.26|0.0|27.8|37.5|so____|15.8|85|750|2.0|1019.0|0.0|20
2019-08-13|11:11:00|14.31|0.41|5.99|13.04|23.28|0.057|27.8|37.5|so____|15.8|85|750|2.0|1019.0|0.0|20
2019-08-13|11:12:00|14.33|0.41|6.39|13.05|23.3|0.0|27.8|37.6|so____|15.8|85|750|2.0|1019.0|0.0|20
2019-08-13|11:13:00|14.35|0.42|6.13|13.05|23.25|0.0|27.8|37.6|so____|15.8|85|750|2.0|1019.0|0.0|20
2019-08-13|11:14:00|14.35|0.42|6.13|13.06|23.28|0.0|27.9|37.5|so____|15.8|85|750|2.0|1019.0|0.0|20
2019-08-13|11:15:00|14.34|0.4|6.0|13.06|23.26|0.0|27.9|37.4|so____|15.8|85|750|2.0|1019.0|0.0|20
2019-08-13|11:16:00|14.29|0.31|4.95|13.05|23.3|0.0|27.9|37.4|so____|15.8|85|750|2.0|1019.0|0.0|20
2019-08-13|11:17:00|14.28|0.35|5.08|13.05|23.27|-0.0|27.9|37.4|so____|15.8|85|750|2.0|1019.0|0.0|20
2019-08-13|11:18:00|14.29|0.34|4.69|13.04|23.27|0.0|27.9|37.5|so____|15.8|85|750|2.0|1019.0|0.0|20
2019-08-13|11:19:00|14.31|0.39|6.0|13.05|23.32|0.0|27.9|37.4|so____|15.8|85|750|2.0|1019.0|0.0|20
2019-08-13|11:20:00|14.32|0.39|5.48|13.05|23.29|0.0|27.9|37.5|so____|15.8|85|750|2.0|1019.0|0.0|20
2019-08-13|11:21:00|14.32|0.34|4.82|13.06|23.32|0.0|27.9|37.4|so____|15.8|85|750|2.0|1019.0|0.0|20
2019-08-13|11:22:00|14.29|0.34|4.56|13.05|23.3|0.0|27.9|37.4|wb____|15.9|80|495|2.1|1019.0|0.0|25
2019-08-13|11:23:00|14.2|0.32|4.69|13.04|23.28|0.0|27.9|37.4|wb____|15.9|80|495|2.1|1019.0|0.0|25
2019-08-13|11:24:00|14.32|0.39|5.87|13.05|23.29|0.0|28.0|37.4|wb____|15.9|80|495|2.1|1019.0|0.0|25
2019-08-13|11:25:00|14.31|0.37|5.35|13.06|23.31|0.0|28.0|37.5|wb____|15.9|80|495|2.1|1019.0|0.0|25
2019-08-13|11:26:00|14.33|0.4|5.87|13.06|23.29|0.0|28.0|37.5|wb____|15.9|80|495|2.1|1019.0|0.0|25
2019-08-13|11:27:00|14.34|0.43|5.88|13.07|23.31|0.0|28.0|37.4|wb____|15.9|80|455|2.1|1019.0|0.0|30
2019-08-13|11:28:00|14.34|0.41|5.88|13.07|23.34|0.0|28.0|37.4|wb____|15.9|80|455|2.1|1019.0|0.0|30
2019-08-13|11:29:00|14.29|0.32|4.83|13.06|23.31|0.0|28.0|37.5|wb____|15.9|80|455|2.1|1019.0|0.0|30
2019-08-13|11:30:00|14.28|0.31|4.43|13.05|23.34|0.0|28.0|37.5|wb____|15.9|80|455|2.1|1019.0|0.0|30
2019-08-13|11:31:00|14.22|0.3|4.3|13.05|23.32|0.0|28.0|37.5|wb____|15.9|80|455|2.1|1019.0|0.0|30
2019-08-13|11:32:00|14.21|0.32|4.43|13.05|23.3|0.0|28.0|37.5|wb____|15.9|80|455|2.1|1019.0|0.0|30
2019-08-13|11:33:00|14.29|0.32|4.82|13.05|23.31|0.0|28.0|37.4|wb____|15.9|80|455|2.1|1019.0|0.0|30
2019-08-13|11:34:00|14.25|0.33|4.56|13.05|23.33|0.0|28.0|37.4|wb____|15.9|80|455|2.1|1019.0|0.0|30
2019-08-13|11:35:00|14.27|0.32|4.82|13.05|23.33|0.0|28.0|37.5|wb____|15.9|80|455|2.1|1019.0|0.0|30
2019-08-13|11:36:00|14.31|0.35|5.22|13.05|23.36|0.0|28.0|37.6|wb____|15.9|80|455|2.1|1019.0|0.0|30
2019-08-13|11:37:00|14.32|0.38|5.74|13.06|23.38|0.0|28.0|37.5|wb____|15.9|80|455|2.1|1019.0|0.0|30
2019-08-13|11:38:00|14.34|0.41|6.01|13.07|23.33|0.0|28.0|37.5|wb____|15.9|80|455|2.1|1019.0|0.0|30
2019-08-13|11:39:00|14.35|0.43|6.01|13.07|23.35|0.0|28.0|37.6|wb____|15.9|80|455|2.1|1019.0|0.0|30
2019-08-13|11:40:00|14.38|0.48|6.93|13.09|23.33|0.0|28.1|37.5|wb____|15.9|80|455|2.1|1019.0|0.0|30
2019-08-13|11:41:00|14.39|0.51|7.46|13.1|23.34|0.0|28.1|37.5|wb____|16.1|80|400|2.2|1018.9|0.0|30
2019-08-13|11:42:00|14.43|0.57|8.25|13.1|23.36|0.0|28.1|37.5|wb____|16.1|80|400|2.2|1018.9|0.0|30
2019-08-13|11:43:00|14.44|0.56|8.13|13.12|23.34|0.0|28.1|37.3|wb____|16.1|80|400|2.2|1018.9|0.0|30
2019-08-13|11:44:00|14.4|0.46|6.41|13.1|0.0|0.0|28.1|37.4|wb____|16.1|80|400|2.2|1018.9|0.0|30
2019-08-13|11:45:00|14.39|0.43|6.68|13.1|0.0|0.0|28.1|37.5|wb____|16.1|80|400|2.2|1018.9|0.0|30
2019-08-13|11:46:00|14.3|0.43|6.15|13.1|0.0|0.0|28.1|37.5|wb____|16.1|80|400|2.2|1018.9|0.0|30
2019-08-13|11:47:00|14.38|0.42|6.15|13.09|0.0|0.0|28.1|37.6|wb____|16.1|80|400|2.2|1018.9|0.0|30
2019-08-13|11:48:00|14.4|0.44|6.15|13.1|0.0|0.0|28.1|37.6|wb____|16.1|80|400|2.2|1018.9|0.0|30
2019-08-13|11:50:00|14.37|0.4|5.89|13.09|0.0|0.0|28.1|37.5|wb____|16.1|80|400|2.2|1018.9|0.0|30
2019-08-13|11:51:00|14.36|0.4|5.89|13.09|0.0|0.0|28.1|37.4|wb____|16.1|80|400|2.2|1018.9|0.0|30
2019-08-13|11:52:00|14.39|0.44|6.55|13.1|0.0|0.0|28.1|37.4|wb____|16.1|80|400|2.2|1018.9|0.0|30
2019-08-13|11:54:00|14.44|0.54|7.99|13.12|0.0|0.0|28.1|37.5|wb____|16.1|80|400|2.2|1018.9|0.0|30
2019-08-13|11:55:00|14.45|0.57|8.14|13.12|0.0|0.0|28.2|37.4|wb____|16.1|80|400|2.2|1018.9|0.0|30
2019-08-13|11:56:00|14.39|0.45|6.56|13.12|0.0|0.0|28.2|37.3|wb____|16.1|80|400|2.2|1018.9|0.0|30
2019-08-13|11:57:00|14.35|0.37|5.24|13.09|0.0|0.0|28.2|37.3|wb____|16.1|80|400|2.2|1018.9|0.0|30
2019-08-13|11:58:00|41.05|0.15|6.15|13.1|0.0|0.0|28.2|37.2|wb____|16.1|80|400|2.2|1018.9|0.0|30
2019-08-13|11:59:00|26.29|0.27|7.21|13.12|0.0|0.0|28.2|37.2|wb____|16.1|80|400|2.2|1018.9|0.0|30
2019-08-13|12:00:00|16.25|0.33|5.24|13.1|0.0|-0.0|28.2|37.2|wb____|16.1|80|400|2.2|1018.9|0.0|30
2019-08-13|12:01:00|14.32|0.33|4.83|13.09|0.0|0.0|28.2|37.5|wb____|16.1|80|400|2.2|1018.9|0.0|30
2019-08-13|12:02:00|14.3|0.32|4.7|13.08|0.0|0.0|28.2|37.3|wb____|16.1|80|400|2.2|1018.9|0.0|30
2019-08-13|12:02:00|0.0|0.0|0.0|0.0|0.0|0.0|0.0|0.0|wb____|16.1|80|400|2.2|1018.9|0.0|30
2019-08-13|12:03:00|14.32|0.31|4.57|13.07|0.0|0.0|28.2|37.3|wb____|16.1|80|400|2.2|1018.9|0.0|30
2019-08-13|12:04:00|14.3|0.31|4.7|13.08|0.0|0.0|28.2|37.3|wb____|16.1|80|400|2.2|1018.9|0.0|30
2019-08-13|12:05:00|14.3|0.31|4.44|13.07|23.39|0.0|28.2|37.3|wb____|16.1|80|400|2.2|1018.9|0.0|30
2019-08-13|12:07:00|14.28|0.27|4.04|13.06|23.41|0.0|28.2|37.4|wb____|16.1|80|400|2.2|1018.9|0.0|30
2019-08-13|12:08:00|14.27|0.26|3.78|13.06|23.42|0.0|28.2|37.3|wb____|16.1|80|400|2.2|1018.9|0.0|30
2019-08-13|12:09:00|14.26|0.26|3.78|13.05|23.46|0.0|28.2|37.4|wb____|16.1|80|400|2.2|1018.9|0.0|30
2019-08-13|12:10:00|14.25|0.25|3.52|13.05|23.42|0.0|28.2|37.3|wb____|16.1|80|400|2.2|1018.9|0.0|30
2019-08-13|12:11:00|14.26|0.25|3.65|13.05|23.47|0.0|28.2|37.4|wb____|16.3|80|550|2.4|1018.8|0.0|25
2019-08-13|12:12:00|14.2|0.24|3.78|13.05|23.44|0.0|28.2|37.4|wb____|16.3|80|550|2.4|1018.8|0.0|25
2019-08-13|12:13:00|14.25|0.27|3.91|13.05|23.43|0.0|28.2|37.4|wb____|16.3|80|550|2.4|1018.8|0.0|25
2019-08-13|12:14:00|14.27|0.28|4.17|13.05|23.43|0.0|28.2|37.4|wb____|16.3|80|550|2.4|1018.8|0.0|25
2019-08-13|12:15:00|14.28|0.31|4.44|13.06|23.46|0.0|28.2|37.3|wb____|16.3|80|550|2.4|1018.8|0.0|25
2019-08-13|12:16:00|14.32|0.34|4.96|13.06|23.44|0.0|28.2|37.3|wb____|16.3|80|550|2.4|1018.8|0.0|25
2019-08-13|12:17:00|14.39|0.48|7.06|13.09|23.48|-0.0|28.2|37.3|wb____|16.3|80|550|2.4|1018.8|0.0|25
2019-08-13|12:18:00|14.42|0.54|7.86|13.11|23.45|0.0|28.2|37.3|wb____|16.3|80|550|2.4|1018.8|0.0|25
2019-08-13|12:19:00|14.41|0.49|7.07|13.12|23.43|0.0|28.3|37.2|wb____|16.3|80|550|2.4|1018.8|0.0|25
2019-08-13|12:20:00|14.44|0.51|7.6|13.12|23.46|0.0|28.3|37.1|wb____|16.3|80|550|2.4|1018.8|0.0|25
2019-08-13|12:21:00|14.41|0.47|6.56|13.12|23.47|0.0|28.3|37.1|wb____|16.4|75|465|2.3|1018.8|0.0|30
2019-08-13|12:22:00|14.39|0.44|6.42|13.11|23.47|0.0|28.3|37.1|wb____|16.4|75|465|2.3|1018.8|0.0|30
2019-08-13|12:23:00|14.34|0.35|5.24|13.1|23.49|0.0|28.3|37.1|wb____|16.4|75|465|2.3|1018.8|0.0|30
2019-08-13|12:24:00|14.28|0.26|3.66|13.08|23.52|0.0|28.3|36.9|wb____|16.4|75|465|2.3|1018.8|0.0|30
2019-08-13|12:25:00|14.19|0.22|3.26|13.07|23.48|0.0|28.3|36.9|wb____|16.4|75|465|2.3|1018.8|0.0|30
2019-08-13|12:26:00|14.24|0.22|3.13|13.06|23.48|0.0|28.3|37.1|wb____|16.4|75|465|2.3|1018.8|0.0|30
2019-08-13|12:27:00|14.23|0.24|3.65|13.05|23.49|0.0|28.3|37.0|wb____|16.4|75|465|2.3|1018.8|0.0|30
2019-08-13|12:28:00|14.26|0.25|3.78|13.06|23.48|0.0|28.3|37.1|wb____|16.4|75|465|2.3|1018.8|0.0|30
2019-08-13|12:29:00|14.34|0.37|5.22|13.08|23.5|0.0|28.3|37.1|wb____|16.4|75|465|2.3|1018.8|0.0|30
2019-08-13|12:30:00|14.35|0.37|5.49|13.08|23.5|0.0|28.3|37.1|wb____|16.4|75|465|2.3|1018.8|0.0|30
2019-08-13|12:31:00|14.37|0.41|5.75|13.08|23.5|0.0|28.3|36.9|wb____|18.5|75|465|2.7|1018.8|0.0|30
2019-08-13|12:32:00|14.38|0.47|6.68|13.1|23.47|0.0|28.3|36.9|wb____|18.5|75|465|2.7|1018.8|0.0|30
2019-08-13|12:33:00|14.44|0.53|7.73|13.12|23.48|0.0|28.3|36.8|wb____|18.5|75|465|2.7|1018.8|0.0|30
2019-08-13|12:34:00|14.46|0.66|9.46|13.13|23.49|0.0|28.3|36.8|wb____|18.5|75|465|2.7|1018.8|0.0|30
2019-08-13|12:35:00|14.55|0.83|12.24|13.17|23.49|0.0|28.4|36.6|wb____|18.5|75|465|2.7|1018.8|0.0|30
2019-08-13|12:36:00|14.03|1.0|14.13|13.2|23.49|0.0|28.4|36.7|wb____|18.5|75|465|2.7|1018.8|0.0|30
2019-08-13|12:37:00|14.04|1.21|17.07|13.24|23.51|0.0|28.4|36.6|wb____|18.5|75|465|2.7|1018.8|0.0|30
2019-08-13|12:38:00|14.01|0.83|11.76|13.23|23.49|0.0|28.4|36.8|wb____|18.5|75|465|2.7|1018.8|0.0|30
2019-08-13|12:39:00|14.02|0.75|10.56|13.21|23.5|0.0|28.4|36.7|wb____|18.5|75|465|2.7|1018.8|0.0|30
2019-08-13|12:40:00|14.0|0.73|10.15|13.19|23.47|0.0|28.4|36.4|wb____|18.5|75|465|2.7|1018.8|0.0|30
2019-08-13|12:41:00|13.99|0.69|9.62|13.18|23.5|0.0|28.4|36.5|wb____|18.5|75|465|2.7|1018.8|0.0|30
2019-08-13|12:42:00|14.52|0.67|9.74|13.17|23.54|0.0|28.4|36.5|wb____|18.5|75|415|2.5|1018.7|0.0|30
2019-08-13|12:43:00|14.0|0.73|10.54|13.19|23.48|0.0|28.4|36.5|wb____|18.5|75|415|2.5|1018.7|0.0|30
2019-08-13|12:44:00|14.01|0.83|11.61|13.2|23.53|0.0|28.4|36.7|wb____|18.5|75|415|2.5|1018.7|0.0|30
2019-08-13|12:45:00|14.05|1.03|10.56|13.21|23.5|0.0|28.4|36.4|wb____|18.5|75|415|2.5|1018.7|0.0|30
2019-08-13|12:46:00|14.14|1.13|14.55|13.23|23.55|0.0|28.4|36.2|wb____|18.5|75|415|2.5|1018.7|0.0|30
2019-08-13|12:47:00|14.05|1.16|16.43|13.25|23.52|0.0|28.4|36.2|wb____|18.5|75|415|2.5|1018.7|0.0|30
2019-08-13|12:48:00|14.05|0.92|13.12|13.28|23.52|0.0|28.4|36.2|wb____|18.5|75|415|2.5|1018.7|0.0|30
2019-08-13|12:49:00|14.07|0.98|13.63|13.24|23.49|0.0|28.4|36.3|wb____|18.5|75|415|2.5|1018.7|0.0|30
2019-08-13|12:50:00|14.02|0.76|10.84|13.22|23.51|0.0|28.4|36.4|wb____|18.5|75|415|2.5|1018.7|0.0|30
2019-08-13|12:51:00|14.01|0.72|10.17|13.21|23.52|0.0|28.4|36.5|wb____|18.5|75|415|2.5|1018.7|0.0|30
2019-08-13|12:52:00|13.99|0.73|10.17|13.21|23.53|0.0|28.4|36.5|wb____|18.5|75|415|2.5|1018.7|0.0|30
2019-08-13|12:53:00|14.01|0.7|9.76|13.2|23.53|0.0|28.4|36.6|wb____|18.5|75|415|2.5|1018.7|0.0|30
2019-08-13|12:54:00|14.06|0.72|10.16|13.2|23.54|0.0|28.4|36.2|wb____|18.5|75|415|2.5|1018.7|0.0|30
2019-08-13|12:55:00|13.99|0.69|9.9|13.2|23.55|0.0|28.4|36.3|wb____|18.5|75|415|2.5|1018.7|0.0|30
2019-08-13|12:56:00|14.01|0.71|10.02|13.2|23.56|0.0|28.5|36.1|wb____|18.5|75|415|2.5|1018.7|0.0|30
2019-08-13|12:57:00|14.0|0.72|10.16|13.2|23.55|0.0|28.5|36.1|wb____|18.5|75|415|2.5|1018.7|0.0|30
2019-08-13|12:58:00|43.06|0.13|5.66|13.17|23.54|0.0|28.5|36.2|wb____|18.5|75|415|2.5|1018.7|0.0|30
2019-08-13|12:59:00|38.64|0.63|24.39|13.33|23.57|0.0|28.5|36.1|wb____|18.5|75|415|2.5|1018.7|0.0|30
2019-08-13|13:00:00|38.93|0.65|25.4|13.37|23.5|0.0|28.5|36.3|wb____|18.5|75|415|2.5|1018.7|0.0|30
2019-08-13|13:01:00|39.48|0.67|26.49|13.39|23.53|-0.0|28.5|36.1|wb____|18.5|75|415|2.5|1018.7|0.0|30
2019-08-13|13:02:00|38.92|0.65|25.57|13.39|23.57|0.0|28.5|36.2|wb____|18.5|75|415|2.5|1018.7|0.0|30
2019-08-13|13:03:00|39.52|0.63|25.17|13.39|23.59|0.0|28.5|36.1|wb____|18.5|75|415|2.5|1018.7|0.0|30
2019-08-13|13:04:00|39.1|0.62|24.08|13.39|23.57|0.0|28.5|35.8|wb____|18.5|75|415|2.5|1018.7|0.0|30
2019-08-13|13:05:00|40.23|0.61|24.9|13.39|23.58|0.0|28.5|35.9|wb____|18.5|75|415|2.5|1018.7|0.0|30
2019-08-13|13:06:00|39.91|0.63|25.3|13.39|23.53|0.0|28.6|35.9|wb____|18.5|75|415|2.5|1018.7|0.0|30
2019-08-13|13:07:00|37.63|0.61|22.99|13.38|23.55|0.0|28.6|36.0|wb____|18.5|75|415|2.5|1018.7|0.0|30
2019-08-13|13:08:00|37.16|0.63|23.68|13.38|23.56|0.0|28.6|35.9|wb____|18.5|75|415|2.5|1018.7|0.0|30
2019-08-13|13:09:00|37.9|0.63|24.08|13.39|23.58|0.0|28.6|35.7|wb____|18.5|75|415|2.5|1018.7|0.0|30
2019-08-13|13:10:00|37.73|0.66|24.79|13.39|23.55|0.0|28.6|36.0|wb____|18.5|75|415|2.5|1018.7|0.0|30
2019-08-13|13:11:00|38.29|0.61|23.83|13.39|23.58|0.0|28.6|35.7|wb____|18.5|75|365|2.2|1018.6|0.0|30
2019-08-13|13:12:00|38.08|0.6|23.03|13.39|23.59|0.0|28.6|35.9|wb____|18.5|75|365|2.2|1018.6|0.0|30
2019-08-13|13:13:00|38.38|0.58|22.22|13.38|23.6|0.0|28.6|35.6|wb____|18.5|75|365|2.2|1018.6|0.0|30
2019-08-13|13:14:00|38.75|0.5|19.37|13.36|23.6|0.0|28.7|35.5|wb____|18.5|75|365|2.2|1018.6|0.0|30
2019-08-13|13:15:00|38.3|0.44|17.19|13.33|23.57|0.0|28.7|35.7|wb____|18.5|75|365|2.2|1018.6|0.0|30
2019-08-13|13:16:00|33.54|0.44|14.77|13.31|23.59|0.0|28.7|35.5|wb____|18.5|75|365|2.2|1018.6|0.0|30
2019-08-13|13:17:00|18.91|0.48|9.13|13.24|23.61|0.0|28.7|35.4|wb____|18.5|75|365|2.2|1018.6|0.0|30
2019-08-13|13:18:00|14.51|0.51|7.39|13.21|23.62|0.0|28.7|35.8|wb____|18.5|75|365|2.2|1018.6|0.0|30
2019-08-13|13:19:00|14.49|0.5|6.99|13.2|23.61|0.0|28.7|35.7|wb____|18.5|75|365|2.2|1018.6|0.0|30
2019-08-13|13:20:00|14.5|0.53|7.92|13.19|23.65|0.0|28.7|35.4|wb____|18.5|75|365|2.2|1018.6|0.0|30
2019-08-13|13:21:00|14.54|0.61|9.1|13.2|23.66|0.0|28.7|35.6|wb____|18.5|70|250|2.2|1018.5|0.0|35
2019-08-13|13:22:00|14.54|0.67|9.77|13.21|23.63|0.0|28.7|35.3|wb____|18.5|70|250|2.2|1018.5|0.0|35
2019-08-13|13:23:00|14.55|0.67|9.77|13.21|23.63|0.0|28.7|35.5|wb____|18.5|70|250|2.2|1018.5|0.0|35
2019-08-13|13:24:00|14.58|0.66|9.77|13.21|23.67|0.0|28.7|35.4|wb____|18.5|70|250|2.2|1018.5|0.0|35
2019-08-13|13:25:00|14.55|0.62|8.98|13.21|23.62|0.0|28.7|35.4|wb____|18.5|70|250|2.2|1018.5|0.0|35
2019-08-13|13:26:00|14.52|0.56|8.18|13.2|23.66|0.0|28.7|35.3|wb____|18.5|70|250|2.2|1018.5|0.0|35
2019-08-13|13:27:00|14.52|0.58|8.45|13.2|23.67|0.0|28.7|35.6|wb____|18.5|70|330|2.0|1018.5|0.0|35
2019-08-13|13:28:00|14.52|0.57|8.31|13.2|23.64|0.0|28.7|35.5|wb____|18.5|70|330|2.0|1018.5|0.0|35
2019-08-13|13:29:00|14.54|0.59|8.58|13.2|23.71|0.0|28.8|35.4|wb____|18.5|70|330|2.0|1018.5|0.0|35
2019-08-13|13:30:00|14.54|0.62|8.97|13.2|23.66|0.0|28.8|35.5|wb____|18.5|70|330|2.0|1018.5|0.0|35
2019-08-13|13:31:00|14.58|0.78|11.24|13.23|23.68|0.0|28.8|35.3|wb____|18.5|70|330|2.0|1018.5|0.0|35
2019-08-13|13:32:00|14.04|0.92|12.99|13.26|23.66|0.0|28.8|35.6|wb____|18.5|70|330|2.0|1018.5|0.0|35
2019-08-13|13:33:00|14.1|1.03|14.75|13.28|23.65|0.0|28.8|35.4|wb____|18.5|70|330|2.0|1018.5|0.0|35
2019-08-13|13:34:00|14.1|1.16|16.35|13.3|23.7|0.0|28.8|35.8|wb____|18.5|70|330|2.0|1018.5|0.0|35
2019-08-13|13:35:00|14.44|1.65|23.83|13.39|23.67|0.0|28.7|36.3|wb____|18.5|70|330|2.0|1018.5|0.0|35
2019-08-13|13:36:00|14.69|1.2|17.88|13.34|23.64|0.0|28.7|36.5|wb____|18.5|70|330|2.0|1018.5|0.0|35
2019-08-13|13:37:00|15.45|1.9|29.52|13.41|23.7|0.0|28.7|36.6|wb____|18.5|70|330|2.0|1018.5|0.0|35
2019-08-13|13:38:00|14.78|1.03|15.32|13.33|23.75|0.0|28.7|36.4|wb____|18.5|70|330|2.0|1018.5|0.0|35
2019-08-13|13:39:00|14.03|0.96|13.43|13.29|23.69|0.0|28.6|36.7|wb____|18.5|70|330|2.0|1018.5|0.0|35
2019-08-13|13:40:00|14.15|0.99|14.12|13.32|23.72|0.0|28.6|36.5|wb____|18.5|70|330|2.0|1018.5|0.0|35
2019-08-13|13:41:00|14.09|0.74|10.49|13.29|23.69|0.0|28.6|36.5|wb____|18.5|70|310|2.0|1018.4|0.0|35
2019-08-13|13:42:00|14.65|0.86|12.99|13.27|23.69|0.0|28.6|36.5|wb____|18.5|70|310|2.0|1018.4|0.0|35
2019-08-13|13:43:00|14.5|0.48|6.86|13.22|23.69|0.0|28.5|35.7|wb____|18.5|70|310|2.0|1018.4|0.0|35
2019-08-13|13:44:00|14.45|0.38|5.4|13.19|23.7|0.0|28.5|34.8|wb____|18.5|70|310|2.0|1018.4|0.0|35
2019-08-13|13:45:00|14.4|0.32|4.47|13.17|23.68|0.0|28.4|34.7|wb____|18.5|70|310|2.0|1018.4|0.0|35
2019-08-13|13:46:00|14.34|0.27|3.68|13.15|23.7|0.0|28.4|34.8|wb____|18.5|70|310|2.0|1018.4|0.0|35
2019-08-13|13:47:00|14.32|0.23|3.54|13.13|23.7|0.0|28.3|34.8|wb____|18.5|70|310|2.0|1018.4|0.0|35
2019-08-13|13:48:00|14.31|0.21|3.41|13.12|23.68|0.0|28.3|35.0|wb____|18.5|70|310|2.0|1018.4|0.0|35
2019-08-13|13:49:00|14.3|0.23|3.14|13.12|23.67|0.0|28.2|35.2|wb____|18.5|70|310|2.0|1018.4|0.0|35
2019-08-13|13:50:00|14.32|0.23|3.4|13.1|23.65|0.0|28.2|36.0|wb____|18.5|70|310|2.0|1018.4|0.0|35
2019-08-13|13:51:00|14.28|0.22|3.14|13.1|23.66|0.0|28.2|35.8|wb____|18.5|70|310|2.0|1018.4|0.0|35
2019-08-13|13:52:00|14.27|0.22|2.88|13.1|23.65|0.0|28.2|36.5|wb____|18.5|70|310|2.0|1018.4|0.0|35
2019-08-13|13:53:00|14.27|0.22|3.01|13.09|23.64|0.0|28.2|35.6|wb____|18.5|70|310|2.0|1018.4|0.0|35
2019-08-13|13:54:00|14.29|0.22|3.14|13.09|23.64|0.0|28.1|35.1|wb____|18.5|70|310|2.0|1018.4|0.0|35
2019-08-13|13:55:00|14.25|0.2|3.14|13.09|23.65|0.0|28.1|35.3|wb____|18.5|70|310|2.0|1018.4|0.0|35
2019-08-13|13:56:00|14.25|0.2|2.74|13.09|23.66|0.0|28.1|35.6|wb____|18.5|70|310|2.0|1018.4|0.0|35
2019-08-13|13:57:00|14.24|0.21|2.87|13.08|23.62|0.0|28.1|34.9|wb____|18.5|70|310|2.0|1018.4|0.0|35
2019-08-13|13:58:00|14.25|0.19|2.74|13.08|23.59|0.0|28.0|34.6|wb____|18.5|70|310|2.0|1018.4|0.0|35
2019-08-13|13:59:00|25.82|0.18|4.71|13.1|23.6|0.0|28.0|34.7|wb____|18.5|70|310|2.0|1018.4|0.0|35
2019-08-13|14:00:00|23.57|0.16|4.06|13.1|23.61|0.0|27.9|34.7|wb____|18.5|70|310|2.0|1018.4|0.0|35
2019-08-13|14:01:00|15.18|0.16|2.22|13.08|23.57|0.0|27.9|35.0|wb____|18.5|70|310|2.0|1018.4|0.0|35
2019-08-13|14:02:00|14.2|0.14|1.96|13.07|23.58|0.0|27.8|34.9|wb____|18.5|70|310|2.0|1018.4|0.0|35
2019-08-13|14:03:00|14.19|0.13|1.82|13.06|23.55|0.0|27.8|34.7|wb____|18.5|70|310|2.0|1018.4|0.0|35
2019-08-13|14:04:00|14.18|0.13|1.82|13.06|23.59|0.0|27.8|34.7|wb____|18.5|70|310|2.0|1018.4|0.0|35
2019-08-13|14:05:00|14.18|0.14|2.08|13.05|23.56|0.0|27.7|34.6|wb____|18.5|70|310|2.0|1018.4|0.0|35
2019-08-13|14:06:00|14.19|0.14|2.08|13.06|23.57|0.0|27.7|34.6|wb____|18.5|70|310|2.0|1018.4|0.0|35
2019-08-13|14:07:00|14.18|0.15|2.21|13.05|23.53|0.0|27.6|34.8|wb____|18.5|70|310|2.0|1018.4|0.0|35
2019-08-13|14:08:00|14.19|0.17|2.34|13.05|23.53|0.0|27.6|34.9|wb____|18.5|70|310|2.0|1018.4|0.0|35
2019-08-13|14:09:00|14.22|0.17|2.48|13.05|23.59|0.0|27.6|35.2|wb____|18.5|70|310|2.0|1018.4|0.0|35
2019-08-13|14:10:00|14.2|0.17|2.47|13.06|23.55|0.0|27.6|35.2|wb____|18.5|70|310|2.0|1018.4|0.0|35
2019-08-13|14:11:00|14.2|0.17|2.47|13.05|23.56|0.0|27.6|35.1|bd____|18.5|70|205|2.1|1018.2|0.0|40
2019-08-13|14:12:00|14.2|0.17|2.47|13.05|23.51|0.0|27.6|35.2|bd____|18.5|70|205|2.1|1018.2|0.0|40
2019-08-13|14:13:00|14.12|0.16|2.34|13.05|23.56|0.0|27.6|35.3|bd____|18.5|70|205|2.1|1018.2|0.0|40
2019-08-13|14:14:00|14.18|0.16|2.21|13.05|23.53|0.0|27.6|35.5|bd____|18.5|70|205|2.1|1018.2|0.0|40
2019-08-13|14:15:00|14.2|0.16|2.34|13.04|23.51|0.0|27.6|35.4|bd____|18.5|70|205|2.1|1018.2|0.0|40
2019-08-13|14:16:00|14.2|0.17|2.47|13.05|23.54|0.0|27.5|35.4|bd____|18.5|70|205|2.1|1018.2|0.0|40
2019-08-13|14:17:00|14.19|0.18|2.61|13.05|23.52|0.0|27.5|35.5|bd____|18.5|70|205|2.1|1018.2|0.0|40
2019-08-13|14:18:00|14.23|0.2|3.0|13.05|23.56|0.0|27.5|35.5|bd____|18.5|70|205|2.1|1018.2|0.0|40
2019-08-13|14:19:00|14.23|0.23|3.26|13.06|23.53|0.0|27.5|35.7|bd____|18.5|70|205|2.1|1018.2|0.0|40
2019-08-13|14:21:00|0.0|0.0|0.0|0.0|0.0|0.0|0.0|0.0|bd____|18.4|65|180|2.0|1018.1|0.0|45
2019-08-13|14:22:00|14.32|0.32|4.44|13.07|23.49|0.0|27.4|35.8|bd____|18.4|65|180|2.0|1018.1|0.0|45
2019-08-13|14:23:00|14.33|0.33|4.83|13.09|23.55|0.0|27.4|35.9|bd____|18.4|65|180|2.0|1018.1|0.0|45
2019-08-13|14:24:00|0.0|0.0|0.0|0.0|23.51|0.0|27.4|35.9|bd____|18.4|65|180|2.0|1018.1|0.0|45
2019-08-13|14:25:00|0.0|0.0|0.0|0.0|23.47|0.0|27.4|36.3|bd____|18.4|65|180|2.0|1018.1|0.0|45
2019-08-13|14:27:00|14.29|0.25|3.66|13.09|23.5|0.0|27.4|36.3|bd____|18.4|65|180|2.0|1018.1|0.0|45
2019-08-13|14:28:00|14.29|0.27|3.79|13.09|23.47|0.0|27.4|36.3|bd____|18.4|65|180|2.0|1018.1|0.0|45
2019-08-13|14:29:00|14.28|0.25|3.79|13.08|23.51|0.0|27.4|36.4|bd____|18.4|65|180|2.0|1018.1|0.0|45
2019-08-13|14:30:00|14.32|0.25|3.66|13.08|23.46|0.0|27.4|36.5|bd____|18.4|65|180|2.0|1018.1|0.0|45
2019-08-13|14:31:00|14.28|0.24|3.53|13.08|23.48|0.0|27.4|36.5|bd____|18.4|65|180|2.6|1018.1|0.0|45
2019-08-13|14:32:00|14.27|0.24|3.4|13.08|23.46|0.0|27.4|36.7|bd____|18.4|65|180|2.6|1018.1|0.0|45
2019-08-13|14:33:00|14.27|0.25|3.53|13.08|23.47|0.0|27.4|36.6|bd____|18.4|65|180|2.6|1018.1|0.0|45
2019-08-13|14:34:00|14.27|0.24|3.53|13.08|23.48|0.0|27.4|36.7|bd____|18.4|65|180|2.6|1018.1|0.0|45
2019-08-13|14:35:00|14.21|0.22|3.4|13.08|23.47|0.0|27.4|36.6|bd____|18.4|65|180|2.6|1018.1|0.0|45
2019-08-13|14:36:00|14.2|0.21|2.87|13.07|23.47|0.0|27.4|36.5|bd____|18.4|65|180|2.6|1018.1|0.0|45
2019-08-13|14:37:00|14.17|0.19|2.74|13.06|23.49|0.0|27.4|36.5|bd____|18.4|65|180|2.6|1018.1|0.0|45
2019-08-13|14:38:00|14.25|0.19|2.61|13.07|23.47|0.0|27.3|37.0|bd____|18.4|65|180|2.6|1018.1|0.0|45
2019-08-13|14:39:00|14.19|0.18|2.74|13.06|23.45|0.0|27.3|36.3|bd____|18.4|65|180|2.6|1018.1|0.0|45
2019-08-13|14:40:00|14.23|0.2|2.87|13.07|23.43|0.0|27.2|36.3|bd____|18.4|65|180|2.6|1018.1|0.0|45
2019-08-13|14:41:00|14.23|0.23|3.26|13.07|23.44|0.0|27.2|36.6|bd____|18.4|65|180|2.3|1018.0|0.0|45
2019-08-13|14:42:00|0.0|0.0|0.0|0.0|0.0|0.0|0.0|0.0|bd____|18.4|65|180|2.3|1018.0|0.0|45
2019-08-13|14:44:00|14.27|0.23|3.26|13.07|23.39|0.0|27.1|36.3|bd____|18.4|65|180|2.3|1018.0|0.0|45
2019-08-13|14:45:00|14.24|0.21|3.13|13.07|23.36|0.0|27.1|36.0|bd____|18.4|65|180|2.3|1018.0|0.0|45
2019-08-13|14:46:00|14.21|0.19|2.74|13.06|23.4|0.0|27.1|36.3|bd____|18.4|65|180|2.3|1018.0|0.0|45
2019-08-13|14:47:00|14.16|0.17|2.35|13.06|23.38|0.0|27.0|36.2|bd____|18.4|65|180|2.3|1018.0|0.0|45
2019-08-13|14:48:00|14.18|0.15|2.21|13.06|23.38|0.0|27.0|36.2|bd____|18.4|65|180|2.3|1018.0|0.0|45
2019-08-13|14:49:00|14.17|0.14|1.95|13.05|23.38|0.0|27.1|36.3|bd____|18.4|65|180|2.3|1018.0|0.0|45
2019-08-13|14:50:00|14.04|0.18|2.71|12.93|23.41|0.0|27.1|36.5|bd____|18.4|65|180|2.3|1018.0|0.0|45
2019-08-13|14:52:00|13.99|0.18|2.44|12.88|23.41|0.0|27.1|36.5|bd____|18.4|65|180|2.3|1018.0|0.0|45
2019-08-13|14:53:00|13.95|0.16|2.31|12.85|23.41|0.0|27.2|36.5|bd____|18.4|65|180|2.3|1018.0|0.0|45
2019-08-13|14:54:00|13.96|0.16|2.43|12.85|23.42|0.0|27.2|36.5|bd____|18.4|65|180|2.3|1018.0|0.0|45
2019-08-13|14:55:00|0.0|0.0|0.0|0.0|0.0|0.0|0.0|0.0|bd____|18.4|65|180|2.3|1018.0|0.0|45
2019-08-13|14:57:00|14.0|0.11|1.54|12.9|23.44|0.0|27.3|36.5|bd____|18.4|65|180|2.3|1018.0|0.0|45
2019-08-13|14:58:00|14.03|0.11|1.55|12.93|23.44|0.0|27.3|36.4|bd____|18.4|65|180|2.3|1018.0|0.0|45
2019-08-13|14:59:00|14.05|0.11|1.55|12.94|23.42|0.0|27.4|36.3|bd____|18.4|65|180|2.3|1018.0|0.0|45
2019-08-13|14:59:00|18.41|0.11|2.07|12.95|0.0|0.0|27.4|36.3|bd____|18.4|65|180|2.3|1018.0|0.0|45
2019-08-13|15:00:00|24.68|0.11|2.59|12.96|23.46|0.0|27.4|36.3|bd____|18.4|65|180|2.3|1018.0|0.0|45
2019-08-13|15:01:00|19.18|0.1|2.2|12.96|23.44|0.0|27.5|36.3|bd____|18.4|65|180|2.3|1018.0|0.0|45
2019-08-13|15:02:00|14.07|0.12|1.68|12.96|23.46|0.0|27.6|36.3|bd____|18.4|65|180|2.3|1018.0|0.0|45
2019-08-13|15:03:00|14.07|0.13|1.68|12.96|23.43|0.0|27.6|36.2|bd____|18.4|65|180|2.3|1018.0|0.0|45
2019-08-13|15:04:00|14.09|0.12|1.68|12.97|23.43|0.0|27.7|36.3|bd____|18.4|65|180|2.3|1018.0|0.0|45
2019-08-13|15:05:00|14.09|0.12|2.07|12.96|23.48|0.0|27.7|36.3|bd____|18.4|65|180|2.3|1018.0|0.0|45
2019-08-13|15:06:00|14.1|0.14|2.07|12.97|23.44|0.0|27.7|36.1|bd____|18.4|65|180|2.3|1018.0|0.0|45
2019-08-13|15:07:00|14.11|0.16|2.33|12.97|23.44|0.0|27.8|36.3|bd____|18.4|65|180|2.3|1018.0|0.0|45
2019-08-13|15:08:00|14.12|0.18|2.46|12.98|23.45|0.0|27.8|36.2|bd____|18.4|65|180|2.3|1018.0|0.0|45
2019-08-13|15:09:00|14.15|0.21|2.85|12.99|23.48|0.0|27.9|36.3|bd____|18.4|65|180|2.3|1018.0|0.0|45
2019-08-13|15:10:00|14.19|0.23|3.38|13.0|23.46|0.0|27.9|36.3|bd____|18.3|65|175|1.9|1017.8|0.0|45
2019-08-13|15:11:00|14.21|0.27|3.9|13.01|23.44|0.0|27.9|36.3|bd____|18.3|65|175|1.9|1017.8|0.0|45
2019-08-13|15:12:00|14.25|0.3|4.29|13.02|23.47|0.0|28.0|36.3|bd____|18.3|65|175|1.9|1017.8|0.0|45
2019-08-13|15:13:00|14.28|0.34|4.82|13.03|23.48|0.0|28.0|36.2|bd____|18.3|65|175|1.9|1017.8|0.0|45
2019-08-13|15:14:00|14.3|0.36|5.08|13.04|23.52|0.0|28.1|36.1|bd____|18.3|65|175|1.9|1017.8|0.0|45
2019-08-13|15:15:00|14.3|0.36|5.08|13.04|23.51|0.0|28.1|36.3|bd____|18.3|65|175|1.9|1017.8|0.0|45
2019-08-13|15:16:00|14.3|0.36|5.08|13.04|23.51|0.0|28.2|36.2|bd____|18.3|65|175|1.9|1017.8|0.0|45
2019-08-13|15:17:00|14.3|0.36|5.08|13.04|23.51|0.0|28.2|36.2|bd____|18.3|65|175|1.9|1017.8|0.0|45
2019-08-13|15:18:00|14.3|0.36|5.08|13.04|23.51|0.0|28.3|36.3|bd____|18.3|65|175|1.9|1017.8|0.0|45
2019-08-13|15:19:00|14.3|0.36|5.08|13.04|23.51|0.0|28.4|36.2|bd____|18.3|65|175|1.9|1017.8|0.0|45
2019-08-13|15:20:00|14.3|0.36|5.08|13.04|23.51|0.0|28.4|36.1|bd____|18.3|65|175|1.9|1017.8|0.0|45
2019-08-13|15:21:00|14.3|0.36|5.08|13.04|23.51|0.0|28.5|36.0|bd____|18.3|65|170|1.9|1017.7|0.0|45
2019-08-13|15:22:00|14.35|0.36|5.37|13.1|23.51|0.0|28.5|36.0|bd____|18.3|65|170|1.9|1017.7|0.0|45
2019-08-13|15:23:00|14.34|0.36|4.97|13.1|23.55|0.0|28.6|36.0|bd____|18.3|65|170|1.9|1017.7|0.0|45
2019-08-13|15:24:00|14.34|0.33|4.84|13.1|23.55|0.0|28.6|36.0|bd____|18.3|65|170|1.9|1017.7|0.0|45
2019-08-13|15:25:00|14.32|0.32|4.71|13.1|23.57|0.0|28.6|35.9|bd____|18.3|65|170|1.9|1017.7|0.0|45
2019-08-13|15:26:00|14.34|0.32|4.58|13.1|23.57|0.0|28.6|35.9|bd____|18.3|65|170|1.9|1017.7|0.0|45
2019-08-13|15:27:00|14.33|0.32|4.71|13.1|23.56|0.0|28.6|35.8|bd____|18.3|65|165|1.9|1017.6|0.0|45
2019-08-13|15:28:00|14.34|0.35|5.1|13.1|23.55|0.0|28.7|35.9|bd____|18.3|65|165|1.9|1017.6|0.0|45
2019-08-13|15:29:00|14.38|0.4|5.76|13.11|23.54|0.0|28.7|35.9|bd____|18.3|65|165|1.9|1017.6|0.0|45
2019-08-13|15:31:00|14.4|0.4|6.03|13.12|23.56|0.0|28.7|35.9|bd____|18.3|65|165|1.9|1017.6|0.0|45
2019-08-13|15:32:00|14.39|0.4|5.64|13.12|23.55|0.0|28.7|35.9|bd____|18.3|65|165|1.9|1017.6|0.0|45
2019-08-13|15:33:00|14.39|0.39|5.51|13.12|23.57|0.0|28.7|36.0|bd____|18.3|65|165|1.9|1017.6|0.0|45
2019-08-13|15:34:00|14.38|0.37|5.11|13.12|23.58|0.0|28.7|35.9|bd____|18.3|65|165|1.9|1017.6|0.0|45
2019-08-13|15:35:00|14.37|0.35|4.85|13.12|23.57|0.0|28.7|36.0|bd____|18.3|65|165|1.9|1017.6|0.0|45
2019-08-13|15:36:00|14.34|0.32|4.85|13.12|23.58|0.0|28.7|36.0|bd____|18.3|65|165|1.9|1017.6|0.0|45
2019-08-13|15:37:00|14.32|0.28|4.06|13.1|23.59|0.0|28.7|36.0|bd____|18.3|65|165|1.9|1017.6|0.0|45
2019-08-13|15:38:00|14.31|0.26|3.79|13.1|23.62|0.0|28.7|35.9|bd____|18.3|65|165|1.9|1017.6|0.0|45
2019-08-13|15:40:00|14.29|0.22|3.66|13.1|23.61|0.0|28.7|35.9|bd____|18.3|65|165|1.9|1017.6|0.0|45
2019-08-13|15:41:00|14.27|0.22|3.4|13.09|23.61|0.0|28.7|35.9|bd____|18.3|65|165|1.9|1017.6|0.0|45
2019-08-13|15:42:00|14.27|0.25|3.53|13.08|23.63|0.0|28.7|35.9|bd____|18.5|65|160|1.9|1017.5|0.0|45
2019-08-13|15:44:00|14.27|0.24|3.4|13.09|23.63|0.0|28.8|35.9|bd____|18.5|65|160|1.9|1017.5|0.0|45
2019-08-13|15:45:00|14.28|0.25|3.79|13.09|23.63|0.0|28.8|35.9|bd____|18.5|65|160|1.9|1017.5|0.0|45
2019-08-13|15:46:00|14.29|0.24|3.53|13.09|23.6|0.0|28.8|35.8|bd____|18.5|65|160|1.9|1017.5|0.0|45
2019-08-13|15:47:00|14.29|0.25|3.79|13.09|23.62|0.0|28.8|35.8|bd____|18.5|65|160|1.9|1017.5|0.0|45
2019-08-13|15:48:00|14.29|0.25|3.79|13.09|23.61|0.0|28.8|35.8|bd____|18.5|65|160|1.9|1017.5|0.0|45
2019-08-13|15:49:00|14.31|0.28|3.93|13.1|23.62|0.0|28.8|35.7|bd____|18.5|65|160|1.9|1017.5|0.0|45
2019-08-13|15:50:00|14.3|0.28|3.93|13.09|23.64|0.0|28.8|35.7|bd____|18.5|65|160|1.9|1017.5|0.0|45
2019-08-13|15:51:00|14.31|0.29|4.18|13.1|23.64|0.0|28.8|35.7|bd____|18.5|65|160|1.9|1017.5|0.0|45
2019-08-13|15:52:00|14.32|0.29|4.32|13.1|23.63|0.0|28.8|35.7|bd____|18.5|65|160|1.9|1017.5|0.0|45
2019-08-13|15:53:00|14.35|0.31|4.32|13.1|23.65|0.0|28.9|35.7|bd____|18.5|65|160|1.9|1017.5|0.0|45
2019-08-13|15:54:00|14.34|0.3|4.32|13.1|23.66|0.0|28.9|35.7|bd____|18.5|65|160|1.9|1017.5|0.0|45
2019-08-13|15:55:00|14.35|0.31|4.32|13.11|23.67|0.0|28.9|35.6|bd____|18.5|65|160|1.9|1017.5|0.0|45
2019-08-13|15:56:00|14.33|0.29|4.06|13.11|23.66|0.0|28.9|35.6|bd____|18.5|65|160|1.9|1017.5|0.0|45
2019-08-13|15:57:00|14.32|0.28|4.06|13.1|23.65|0.0|28.9|35.6|bd____|18.5|65|160|1.9|1017.5|0.0|45
2019-08-13|15:58:00|14.32|0.28|4.06|13.1|23.64|0.0|28.9|35.5|bd____|18.5|65|160|1.9|1017.5|0.0|45
2019-08-13|15:59:00|14.31|0.28|3.93|13.1|23.67|0.0|28.9|35.4|bd____|18.5|65|160|1.9|1017.5|0.0|45
2019-08-13|16:00:00|40.38|0.14|5.77|13.12|23.68|0.0|28.9|35.6|bd____|18.5|65|160|1.9|1017.5|0.0|45
2019-08-13|16:01:00|29.37|0.26|7.62|13.14|23.67|0.0|28.9|35.7|bd____|18.5|65|160|1.9|1017.5|0.0|45
2019-08-13|16:02:00|17.36|0.26|4.72|13.13|23.65|0.0|28.9|35.6|bd____|18.5|65|160|1.9|1017.5|0.0|45
2019-08-13|16:03:00|14.32|0.27|3.93|13.12|23.69|0.0|28.9|35.6|bd____|18.5|65|160|1.9|1017.5|0.0|45
2019-08-13|16:04:00|14.32|0.26|3.8|13.12|23.7|0.0|28.9|35.5|bd____|18.5|65|160|1.9|1017.5|0.0|45
2019-08-13|16:05:00|14.31|0.26|3.67|13.11|23.69|0.0|28.9|35.4|bd____|18.5|65|160|1.9|1017.5|0.0|45
2019-08-13|16:06:00|14.33|0.26|3.67|13.11|23.69|0.0|28.9|35.5|bd____|18.5|65|160|1.9|1017.5|0.0|45
2019-08-13|16:07:00|14.3|0.25|3.79|13.1|23.66|0.0|29.0|35.5|bd____|18.5|65|160|1.9|1017.5|0.0|45
2019-08-13|16:08:00|14.3|0.24|3.4|13.1|23.7|0.0|29.0|35.4|bd____|18.5|65|160|1.9|1017.5|0.0|45
2019-08-13|16:09:00|14.29|0.24|3.66|13.1|23.68|0.0|29.0|35.4|bd____|18.5|65|160|1.9|1017.5|0.0|45
2019-08-13|16:10:00|14.3|0.23|3.53|13.1|23.68|0.0|29.0|35.4|bd____|18.5|65|160|1.9|1017.5|0.0|45
2019-08-13|16:11:00|14.29|0.24|3.53|13.1|23.68|0.0|29.0|35.3|bd____|18.1|60|150|1.8|1017.4|0.0|45
2019-08-13|16:12:00|14.29|0.22|3.27|13.1|23.68|0.0|29.0|35.3|bd____|18.1|60|150|1.8|1017.4|0.0|45
2019-08-13|16:13:00|14.21|0.22|3.27|13.09|23.71|0.0|29.0|35.3|bd____|18.1|60|150|1.8|1017.4|0.0|45
2019-08-13|16:14:00|14.26|0.21|3.14|13.09|23.69|0.0|29.0|35.2|bd____|18.1|60|150|1.8|1017.4|0.0|45
2019-08-13|16:15:00|14.27|0.21|3.01|13.09|23.71|0.0|29.0|35.2|bd____|18.1|60|150|1.8|1017.4|0.0|45
2019-08-13|16:16:00|14.27|0.21|3.14|13.08|23.7|0.0|29.0|35.2|bd____|18.1|60|150|1.8|1017.4|0.0|45
2019-08-13|16:17:00|14.27|0.21|3.01|13.09|23.71|0.0|29.0|35.2|bd____|18.1|60|150|1.8|1017.4|0.0|45
2019-08-13|16:18:00|14.21|0.22|3.14|13.09|23.71|0.0|29.0|35.1|bd____|18.1|60|150|1.8|1017.4|0.0|45
2019-08-13|16:19:00|14.26|0.22|3.27|13.08|0.0|0.0|29.0|35.1|bd____|18.1|60|150|1.8|1017.4|0.0|45
2019-08-13|16:20:00|14.26|0.23|3.27|13.09|23.75|0.0|29.0|35.2|bd____|18.1|60|150|1.8|1017.4|0.0|45
2019-08-13|16:22:00|14.28|0.23|3.66|13.09|23.71|0.0|29.1|35.1|bd____|17.7|60|145|1.7|1017.3|0.0|45
2019-08-13|16:23:00|14.3|0.24|3.53|13.1|23.72|-0.0|29.1|35.1|bd____|17.7|60|145|1.7|1017.3|0.0|45
2019-08-13|16:24:00|14.29|0.23|3.66|13.1|23.72|0.0|29.1|35.0|bd____|17.7|60|145|1.7|1017.3|0.0|45
2019-08-13|16:25:00|14.29|0.22|3.27|13.09|23.72|0.0|29.1|34.9|bd____|17.7|60|145|1.7|1017.3|0.0|45
2019-08-13|16:26:00|14.25|0.22|3.14|13.09|23.72|0.0|29.1|35.0|bd____|17.7|60|145|1.7|1017.3|0.0|45
2019-08-13|16:27:00|14.26|0.21|3.01|13.09|23.71|0.0|29.1|35.1|bd____|17.9|60|140|2.2|1017.3|0.0|45
2019-08-13|16:28:00|14.26|0.21|3.14|13.09|23.74|0.0|29.1|34.9|bd____|17.9|60|140|2.2|1017.3|0.0|45
2019-08-13|16:29:00|14.27|0.21|3.0|13.08|23.76|0.0|29.1|35.0|bd____|17.9|60|140|2.2|1017.3|0.0|45
2019-08-13|16:30:00|14.26|0.2|3.01|13.09|23.72|0.0|29.0|35.1|bd____|17.9|60|140|2.2|1017.3|0.0|45
2019-08-13|16:31:00|14.26|0.21|3.13|13.08|23.75|0.0|29.0|35.0|bd____|17.9|60|140|2.2|1017.3|0.0|45
2019-08-13|16:32:00|14.28|0.22|3.01|13.08|23.74|0.0|29.0|35.0|bd____|17.9|60|140|2.2|1017.3|0.0|45
2019-08-13|16:33:00|14.27|0.22|3.13|13.09|23.76|0.0|29.0|35.0|bd____|17.9|60|140|2.2|1017.3|0.0|45
2019-08-13|16:34:00|14.25|0.21|2.87|13.08|23.74|0.0|29.0|35.1|bd____|17.9|60|140|2.2|1017.3|0.0|45
2019-08-13|16:35:00|14.25|0.2|2.74|13.08|23.72|0.0|29.0|35.0|bd____|17.9|60|140|2.2|1017.3|0.0|45
2019-08-13|16:36:00|14.24|0.19|2.74|13.08|23.75|0.0|29.0|35.0|bd____|17.9|60|140|2.2|1017.3|0.0|45
2019-08-13|16:37:00|14.23|0.18|2.61|13.08|23.77|0.0|28.9|35.0|bd____|17.9|60|140|2.2|1017.3|0.0|45
2019-08-13|16:38:00|14.16|0.17|2.35|13.07|23.73|0.0|28.9|35.1|bd____|17.9|60|140|2.2|1017.3|0.0|45
2019-08-13|16:39:00|14.21|0.17|2.48|13.07|23.75|0.0|28.9|35.0|bd____|17.9|60|140|2.2|1017.3|0.0|45
2019-08-13|16:40:00|14.21|0.16|2.48|13.08|23.77|0.0|28.9|35.1|bd____|17.9|60|140|2.2|1017.3|0.0|45
2019-08-13|16:41:00|14.22|0.17|2.48|13.07|23.76|0.0|28.9|35.1|bd____|17.9|60|140|2.2|1017.3|0.0|45
2019-08-13|16:42:00|14.21|0.16|2.35|13.07|23.78|0.0|28.9|35.0|bd____|17.9|60|135|2.0|1017.2|0.0|45
2019-08-13|16:43:00|14.21|0.16|2.35|13.07|23.77|0.0|28.9|35.2|bd____|17.9|60|135|2.0|1017.2|0.0|45
2019-08-13|16:44:00|14.17|0.16|2.35|13.06|23.78|0.0|28.9|35.3|bd____|17.9|60|135|2.0|1017.2|0.0|45
2019-08-13|16:45:00|14.21|0.16|2.22|13.06|23.78|0.0|28.9|35.1|bd____|17.9|60|135|2.0|1017.2|0.0|45
2019-08-13|16:46:00|14.2|0.16|2.35|13.06|23.73|0.0|28.8|35.1|bd____|17.9|60|135|2.0|1017.2|0.0|45
2019-08-13|16:47:00|14.22|0.17|2.35|13.06|23.78|0.0|28.8|35.1|bd____|17.9|60|135|2.0|1017.2|0.0|45
2019-08-13|16:48:00|14.23|0.17|2.61|13.06|23.74|0.0|28.8|35.1|bd____|17.9|60|135|2.0|1017.2|0.0|45
2019-08-13|16:49:00|14.23|0.18|2.74|13.06|23.76|0.0|28.8|35.1|bd____|17.9|60|135|2.0|1017.2|0.0|45
2019-08-13|16:50:00|14.23|0.19|2.74|13.07|23.75|0.0|28.8|34.9|bd____|17.9|60|135|2.0|1017.2|0.0|45
2019-08-13|16:51:00|14.23|0.19|2.74|13.07|23.78|0.0|28.8|35.1|bd____|17.9|60|135|2.0|1017.2|0.0|45
2019-08-13|16:52:00|14.15|0.18|2.74|13.07|23.75|0.0|28.8|35.1|bd____|17.9|60|135|2.0|1017.2|0.0|45
2019-08-13|16:53:00|14.22|0.19|2.74|13.07|23.75|0.0|28.8|35.0|bd____|17.9|60|135|2.0|1017.2|0.0|45
2019-08-13|16:54:00|14.22|0.19|2.74|13.08|23.79|0.0|28.8|35.1|bd____|17.9|60|135|2.0|1017.2|0.0|45
2019-08-13|16:55:00|14.21|0.19|2.61|13.07|23.78|0.0|28.8|35.0|bd____|17.9|60|135|2.0|1017.2|0.0|45
2019-08-13|16:56:00|14.23|0.18|2.61|13.07|23.76|0.0|28.8|34.9|bd____|17.9|60|135|2.0|1017.2|0.0|45
2019-08-13|16:57:00|14.23|0.18|2.61|13.07|23.79|0.0|28.8|35.1|bd____|17.9|60|135|2.0|1017.2|0.0|45
2019-08-13|16:58:00|14.25|0.18|2.61|13.07|23.78|-0.0|28.8|35.1|bd____|17.9|60|135|2.0|1017.2|0.0|45
2019-08-13|16:59:00|14.22|0.18|2.61|13.07|23.78|0.0|28.8|35.0|bd____|17.9|60|135|2.0|1017.2|0.0|45
2019-08-13|17:01:00|14.21|0.17|2.48|13.06|23.8|0.0|28.7|35.0|bd____|17.9|60|135|2.0|1017.2|0.0|45
2019-08-13|17:02:00|35.0|0.15|5.37|13.09|23.8|0.0|28.7|35.0|bd____|17.9|60|135|2.0|1017.2|0.0|45
2019-08-13|17:03:00|20.01|0.17|3.4|13.09|23.76|0.0|28.7|35.1|bd____|17.9|60|135|2.0|1017.2|0.0|45
2019-08-13|17:04:00|14.22|0.16|2.48|13.08|23.79|0.0|28.7|34.8|bd____|17.9|60|135|2.0|1017.2|0.0|45
2019-08-13|17:05:00|14.25|0.16|2.61|13.08|23.8|0.0|28.7|34.7|bd____|17.9|60|135|2.0|1017.2|0.0|45
2019-08-13|17:06:00|14.22|0.16|2.48|13.08|23.8|0.057|28.7|34.7|bd____|17.9|60|135|2.0|1017.2|0.0|45
2019-08-13|17:07:00|14.22|0.17|2.61|13.07|23.81|0.0|28.7|34.7|bd____|17.9|60|135|2.0|1017.2|0.0|45
2019-08-13|17:08:00|14.25|0.2|2.74|13.08|23.79|0.0|28.7|34.8|bd____|17.9|60|135|2.0|1017.2|0.0|45
