Date|Time|Voltage(V)|Current(A)|Power(W)|Battery Voltage(V)|Ambient Temp.(째C)|Light Int.(lux)|Temperature sensor(째C)|Humidity sensor(RH)|Weather condition|Temperature WetterOnline(째C)|Humidity WetterOnline(RH)|Global radiation(W/m^2)|Wind's speed(m/s)|Ground pressure(hPa)|Rainfall(mm)|Rainfall's possibility(%)|Wind's direction(째)|Wind's cardinal direction|Wind's speed(Beaufort)|Wind gust(Beaufort)|Wind gust(km/h)|Feel-like temperature|Azimuth|Elevation
2019-09-19|07:50:00|14.26|0.11|1.83|13.14|20.79|158.155|25.8|27.7|so____|8.8|75|485|2.4|1027.6|0.0|10|30|no|2|3|17|7.5|0.00|0.00
2019-09-19|07:51:00|14.27|0.12|1.97|13.14|20.79|157.928|25.8|27.8|so____|8.8|75|485|2.4|1027.6|0.0|10|30|no|2|3|17|7.5|0.00|0.00
2019-09-19|08:14:00|14.33|0.14|2.11|13.19|20.83|161.397|25.9|27.2|so____|9.9|70|555|2.3|1027.6|0.0|10|30|no|2|4|20|8.9|0.00|0.00
2019-09-19|08:21:00|14.36|0.14|2.11|13.21|20.84|161.909|26.0|27.1|so____|10.3|70|575|2.3|1027.5|0.0|10|30|no|2|4|21|10.3|0.00|0.00
2019-09-19|08:22:00|14.34|0.14|2.37|13.21|20.82|161.966|26.0|27.1|so____|10.3|70|575|2.3|1027.5|0.0|10|30|no|2|4|21|10.3|0.00|0.00
2019-09-19|08:23:00|14.36|0.15|2.11|13.21|20.82|161.852|26.0|27.1|so____|10.3|70|575|2.3|1027.5|0.0|10|30|no|2|4|21|10.3|0.00|0.00
2019-09-19|08:24:00|14.35|0.15|2.24|13.21|20.82|162.307|26.0|27.1|so____|10.3|70|575|2.3|1027.5|0.0|10|30|no|2|4|21|10.3|0.00|0.00
2019-09-19|08:25:00|14.36|0.15|2.24|13.22|20.86|162.421|26.0|27.1|so____|10.3|70|575|2.3|1027.5|0.0|10|30|no|2|4|21|10.3|0.00|0.00
2019-09-19|08:26:00|14.35|0.15|2.11|13.22|20.85|162.648|26.0|27.1|so____|10.3|70|575|2.3|1027.5|0.0|10|30|no|2|4|21|10.3|0.00|0.00
2019-09-19|08:27:00|14.38|0.15|2.24|13.22|20.82|162.421|26.0|27.0|so____|10.3|70|575|2.3|1027.5|0.0|10|30|no|2|4|21|10.3|0.00|0.00
2019-09-19|08:28:00|14.38|0.16|2.24|13.22|20.85|162.648|26.1|27.2|so____|10.3|70|575|2.3|1027.5|0.0|10|30|no|2|4|21|10.3|0.00|0.00
2019-09-19|08:29:00|14.38|0.15|2.38|13.22|20.82|162.705|26.1|27.0|so____|10.3|70|575|2.3|1027.5|0.0|10|30|no|2|4|21|10.3|0.00|0.00
2019-09-19|08:30:00|14.37|0.15|2.24|13.23|20.83|162.648|26.1|27.0|so____|10.5|65|595|2.7|1027.5|0.0|10|30|no|2|4|20|10.5|0.00|0.00
2019-09-19|08:31:00|14.36|0.16|2.24|13.23|20.84|163.558|26.1|27.0|so____|10.5|65|595|2.7|1027.5|0.0|10|30|no|2|4|20|10.5|0.00|0.00
2019-09-19|08:32:00|14.38|0.16|2.38|13.23|20.85|163.331|26.1|27.0|so____|10.5|65|595|2.7|1027.5|0.0|10|30|no|2|4|20|10.5|0.00|0.00
2019-09-19|08:33:00|14.38|0.15|2.38|13.23|20.85|163.672|26.1|27.0|so____|10.5|65|595|2.7|1027.5|0.0|10|30|no|2|4|20|10.5|0.00|0.00
2019-09-19|08:34:00|14.38|0.15|2.38|13.25|20.85|163.899|26.1|27.1|so____|10.5|65|595|2.7|1027.5|0.0|10|30|no|2|4|20|10.5|0.00|0.00
2019-09-19|08:35:00|14.38|0.15|2.25|13.24|20.86|163.956|26.1|26.9|so____|10.5|65|595|2.7|1027.5|0.0|10|30|no|2|4|20|10.5|0.00|0.00
2019-09-19|08:36:00|14.4|0.15|2.25|13.24|20.83|164.582|26.1|26.9|so____|10.5|65|595|2.7|1027.5|0.0|10|30|no|2|4|20|10.5|0.00|0.00
2019-09-19|08:37:00|14.36|0.17|2.38|13.24|20.87|164.696|26.1|26.9|so____|10.5|65|595|2.7|1027.5|0.0|10|30|no|2|4|20|10.5|0.00|0.00
2019-09-19|08:38:00|14.38|0.17|2.38|13.25|20.87|164.752|26.1|26.8|so____|10.5|65|595|2.7|1027.5|0.0|10|30|no|2|4|20|10.5|0.00|0.00
2019-09-19|08:39:00|14.4|0.16|2.25|13.24|20.83|164.809|26.1|26.7|so____|10.5|65|595|2.7|1027.5|0.0|10|30|no|2|4|20|10.5|0.00|0.00
2019-09-19|08:40:00|14.4|0.15|2.51|13.25|20.86|164.752|26.1|26.7|so____|11.0|65|625|2.6|1027.4|0.0|10|30|no|2|4|21|11.0|0.00|0.00
2019-09-19|08:41:00|14.41|0.16|2.38|13.26|20.84|165.264|26.1|26.8|so____|11.0|65|625|2.6|1027.4|0.0|10|30|no|2|4|21|11.0|0.00|0.00
2019-09-19|08:42:00|14.38|0.17|2.38|13.26|20.84|164.98|26.1|26.7|so____|11.0|65|625|2.6|1027.4|0.0|10|30|no|2|4|21|11.0|0.00|0.00
2019-09-19|08:43:00|20.33|0.13|3.18|13.27|20.89|165.549|26.1|26.7|so____|11.0|65|625|2.6|1027.4|0.0|10|30|no|2|4|21|11.0|0.00|0.00
2019-09-19|08:44:00|23.25|0.14|3.45|13.3|20.83|165.094|26.2|26.7|so____|11.0|65|625|2.6|1027.4|0.0|10|30|no|2|4|21|11.0|0.00|0.00
2019-09-19|08:45:00|15.81|0.16|2.65|13.29|20.88|165.605|26.2|26.6|so____|11.0|65|625|2.6|1027.4|0.0|10|30|no|2|4|21|11.0|0.00|0.00
2019-09-19|08:46:00|14.45|0.16|2.52|13.29|20.85|165.719|26.2|26.6|so____|11.0|65|625|2.6|1027.4|0.0|10|30|no|2|4|21|11.0|0.00|0.00
2019-09-19|08:47:00|14.43|0.16|2.52|13.28|20.86|166.117|26.2|26.7|so____|11.0|65|625|2.6|1027.4|0.0|10|30|no|2|4|21|11.0|0.00|0.00
2019-09-19|08:48:00|14.45|0.18|2.52|13.28|20.86|165.833|26.2|26.6|so____|11.0|65|625|2.6|1027.4|0.0|10|30|no|2|4|21|11.0|0.00|0.00
2019-09-19|08:49:00|14.45|0.18|2.52|13.29|20.87|166.743|26.2|26.7|so____|11.0|65|625|2.6|1027.4|0.0|10|30|no|2|4|21|11.0|0.00|0.00
2019-09-19|08:50:00|14.45|0.16|2.52|13.3|20.87|165.947|26.2|26.6|so____|11.0|65|625|2.6|1027.4|0.0|10|30|no|2|4|21|11.0|0.00|0.00
2019-09-19|08:51:00|14.43|0.17|2.52|13.29|20.86|166.857|26.2|26.6|so____|11.0|65|625|2.6|1027.4|0.0|10|30|no|2|4|21|11.0|0.00|0.00
2019-09-19|08:52:00|14.45|0.17|2.65|13.3|20.87|166.402|26.2|26.6|so____|11.0|65|625|2.6|1027.4|0.0|10|30|no|2|4|21|11.0|0.00|0.00
2019-09-19|08:53:00|14.45|0.17|2.65|13.29|20.87|167.141|26.2|26.6|so____|11.0|65|625|2.6|1027.4|0.0|10|30|no|2|4|21|11.0|0.00|0.00
2019-09-19|08:54:00|14.45|0.18|2.52|13.29|20.87|166.97|26.2|26.6|so____|11.0|65|625|2.6|1027.4|0.0|10|30|no|2|4|21|11.0|0.00|0.00
2019-09-19|08:55:00|14.45|0.17|2.52|13.3|20.87|167.198|26.3|26.5|so____|11.0|65|625|2.6|1027.4|0.0|10|30|no|2|4|21|11.0|0.00|0.00
2019-09-19|08:56:00|14.47|0.17|2.52|13.3|20.88|167.368|26.3|26.4|so____|11.0|65|625|2.6|1027.4|0.0|10|30|no|2|4|21|11.0|0.00|-0.02
2019-09-19|08:57:00|14.47|0.17|2.66|13.3|20.86|167.823|26.3|26.4|so____|11.0|65|625|2.6|1027.4|0.0|10|30|no|2|4|21|11.0|0.00|-0.04
2019-09-19|08:58:00|14.45|0.19|2.66|13.3|20.89|168.221|26.3|26.4|so____|11.0|65|625|2.6|1027.4|0.0|10|30|no|2|4|21|11.0|0.00|-0.06
2019-09-19|08:59:00|14.47|0.19|2.66|13.3|20.88|167.937|26.3|26.3|so____|11.0|65|625|2.6|1027.4|0.0|10|30|no|2|4|21|11.0|0.00|-0.08
2019-09-19|09:00:00|14.44|0.18|2.66|13.31|20.91|168.335|26.3|26.4|so____|11.0|65|625|2.6|1027.4|0.0|10|30|no|2|4|21|11.0|0.00|-0.10
2019-09-19|09:01:00|14.49|0.18|2.66|13.31|20.91|167.937|26.3|26.3|so____|11.0|65|625|2.6|1027.4|0.0|10|30|no|2|4|21|11.0|0.00|0.07
2019-09-19|09:02:00|14.47|0.19|2.79|13.31|20.92|168.165|26.3|26.3|so____|11.0|65|625|2.6|1027.4|0.0|10|30|no|2|4|21|11.0|0.00|0.23
2019-09-19|09:03:00|14.5|0.18|2.66|13.32|20.88|168.278|26.3|26.3|so____|11.0|65|625|2.6|1027.4|0.0|10|30|no|2|4|21|11.0|0.00|0.40
2019-09-19|09:04:00|14.48|0.18|2.79|13.32|20.9|168.733|26.3|26.2|so____|11.0|65|625|2.6|1027.4|0.0|10|30|no|2|4|21|11.0|0.00|0.56
2019-09-19|09:05:00|14.49|0.18|2.79|13.32|20.93|168.961|26.3|26.2|so____|11.0|65|625|2.6|1027.4|0.0|10|30|no|2|4|21|11.0|0.00|0.73
2019-09-19|09:06:00|14.49|0.19|2.66|13.32|20.92|168.676|26.3|26.2|so____|11.0|65|625|2.6|1027.4|0.0|10|30|no|2|4|21|11.0|0.00|0.90
2019-09-19|09:07:00|14.5|0.19|2.66|13.33|20.93|169.075|26.3|26.2|so____|11.0|65|625|2.6|1027.4|0.0|10|30|no|2|4|21|11.0|0.00|1.06
2019-09-19|09:08:00|14.45|0.19|2.79|13.33|20.9|169.302|26.3|26.2|so____|11.0|65|625|2.6|1027.4|0.0|10|30|no|2|4|21|11.0|0.00|1.23
2019-09-19|09:09:00|14.48|0.19|2.79|13.33|20.91|169.529|26.4|26.2|so____|11.0|65|625|2.6|1027.4|0.0|10|30|no|2|4|21|11.0|0.00|1.39
2019-09-19|09:10:00|14.51|0.19|2.66|13.33|20.93|169.473|26.4|26.1|so____|11.8|60|675|2.3|1027.3|0.0|10|30|no|2|4|22|11.8|0.00|1.56
2019-09-19|09:11:00|14.51|0.19|2.93|13.34|20.93|169.7|26.4|26.1|so____|11.8|60|675|2.3|1027.3|0.0|10|30|no|2|4|22|11.8|0.00|1.73
2019-09-19|09:12:00|14.51|0.19|2.8|13.34|20.91|169.529|26.4|26.1|so____|11.8|60|675|2.3|1027.3|0.0|10|30|no|2|4|22|11.8|0.00|1.89
2019-09-19|09:13:00|14.52|0.19|2.93|13.35|20.93|169.643|26.4|26.0|so____|11.8|60|675|2.3|1027.3|0.0|10|30|no|2|4|22|11.8|0.00|2.06
2019-09-19|09:14:00|14.51|0.2|3.06|13.34|20.95|169.7|26.4|26.0|so____|11.8|60|675|2.3|1027.3|0.0|10|30|no|2|4|22|11.8|0.00|2.22
2019-09-19|09:15:00|14.52|0.2|2.8|13.35|20.92|170.098|26.4|26.0|so____|11.8|60|675|2.3|1027.3|0.0|10|30|no|2|4|22|11.8|0.00|2.39
2019-09-19|09:16:00|14.51|0.19|2.8|13.35|20.96|170.383|26.4|26.1|so____|11.8|60|675|2.3|1027.3|0.0|10|30|no|2|4|22|11.8|0.00|2.56
2019-09-19|09:17:00|14.54|0.2|2.93|13.35|20.93|170.439|26.4|26.1|so____|11.8|60|675|2.3|1027.3|0.0|10|30|no|2|4|22|11.8|0.00|2.72
2019-09-19|09:18:00|14.54|0.2|2.93|13.36|20.96|170.724|26.4|26.1|so____|11.8|60|675|2.3|1027.3|0.0|10|30|no|2|4|22|11.8|0.00|2.89
2019-09-19|09:19:00|14.53|0.2|2.93|13.36|20.95|170.553|26.4|26.1|so____|11.8|60|675|2.3|1027.3|0.0|10|30|no|2|4|22|11.8|0.00|3.05
2019-09-19|09:20:00|14.54|0.2|2.94|13.37|20.94|170.439|26.4|26.1|so____|12.1|60|690|2.3|1027.3|0.0|10|30|no|2|4|22|12.1|0.00|3.22
2019-09-19|09:21:00|14.55|0.21|2.94|13.37|20.96|170.781|26.4|26.1|so____|12.1|60|690|2.3|1027.3|0.0|10|30|no|2|4|22|12.1|0.00|3.39
2019-09-19|09:22:00|14.54|0.2|2.94|13.36|20.94|170.724|26.5|26.0|so____|12.1|60|690|2.3|1027.3|0.0|10|30|no|2|4|22|12.1|0.00|3.55
2019-09-19|09:23:00|14.55|0.2|3.07|13.37|20.97|170.837|26.5|26.0|so____|12.1|60|690|2.3|1027.3|0.0|10|30|no|2|4|22|12.1|0.00|3.72
2019-09-19|09:24:00|14.58|0.2|2.94|13.38|20.94|171.179|26.5|26.0|so____|12.1|60|690|2.3|1027.3|0.0|10|30|no|2|4|22|12.1|0.00|3.88
2019-09-19|09:25:00|14.54|0.2|2.94|13.37|20.96|171.292|26.5|25.9|so____|12.1|60|690|2.3|1027.3|0.0|10|30|no|2|4|22|12.1|0.00|4.05
2019-09-19|09:26:00|14.56|0.2|3.07|13.38|20.93|171.179|26.5|25.9|so____|12.1|60|690|2.3|1027.3|0.0|10|30|no|2|4|22|12.1|0.00|4.22
2019-09-19|09:27:00|14.57|0.21|2.94|13.38|20.99|171.349|26.5|25.9|so____|12.1|60|690|2.3|1027.3|0.0|10|30|no|2|4|22|12.1|0.00|4.38
2019-09-19|09:28:00|14.56|0.2|2.94|13.38|20.95|171.406|26.5|25.9|so____|12.1|60|690|2.3|1027.3|0.0|10|30|no|2|4|22|12.1|0.00|4.55
2019-09-19|09:29:00|14.57|0.22|3.34|13.39|20.98|171.463|26.5|25.9|so____|12.1|60|690|2.3|1027.3|0.0|10|30|no|2|4|22|12.1|0.00|4.71
2019-09-19|09:30:00|14.58|0.22|3.21|13.39|20.99|171.463|26.5|25.9|so____|12.4|60|705|3.0|1027.2|0.0|10|30|no|2|4|21|12.4|0.00|4.88
2019-09-19|09:31:00|14.58|0.21|3.07|13.4|20.98|171.804|26.5|25.9|so____|12.4|60|705|3.0|1027.2|0.0|10|30|no|2|4|21|12.4|0.00|5.05
2019-09-19|09:32:00|14.58|0.2|3.08|13.39|20.97|171.747|26.5|25.8|so____|12.4|60|705|3.0|1027.2|0.0|10|30|no|2|4|21|12.4|0.00|5.21
2019-09-19|09:33:00|14.58|0.22|3.21|13.4|20.95|171.975|26.5|25.9|so____|12.4|60|705|3.0|1027.2|0.0|10|30|no|2|4|21|12.4|0.00|5.38
2019-09-19|09:34:00|14.54|0.22|3.08|13.4|20.97|171.918|26.5|25.8|so____|12.4|60|705|3.0|1027.2|0.0|10|30|no|2|4|21|12.4|0.00|5.54
2019-09-19|09:35:00|14.58|0.22|3.21|13.4|21.0|172.202|26.5|25.9|so____|12.4|60|705|3.0|1027.2|0.0|10|30|no|2|4|21|12.4|0.00|5.71
2019-09-19|09:36:00|14.61|0.22|3.21|13.41|20.97|172.145|26.5|25.8|so____|12.4|60|705|3.0|1027.2|0.0|10|30|no|2|4|21|12.4|0.00|5.88
2019-09-19|09:37:00|14.6|0.23|3.35|13.42|21.01|172.202|26.5|25.8|so____|12.4|60|705|3.0|1027.2|0.0|10|30|no|2|4|21|12.4|0.00|6.04
2019-09-19|09:38:00|14.61|0.22|3.22|13.41|21.0|172.43|26.6|25.8|so____|12.4|60|705|3.0|1027.2|0.0|10|30|no|2|4|21|12.4|0.00|6.21
2019-09-19|09:39:00|14.61|0.22|3.35|13.42|20.99|172.544|26.6|25.8|so____|12.4|60|705|3.0|1027.2|0.0|10|30|no|2|4|21|12.4|0.00|6.37
2019-09-19|09:40:00|14.56|0.22|3.22|13.42|21.02|172.373|26.6|25.8|so____|12.8|55|725|2.7|1027.2|0.0|10|30|no|2|4|22|12.8|0.00|6.54
2019-09-19|09:41:00|14.62|0.22|3.08|13.42|21.02|172.6|26.6|25.9|so____|12.8|55|725|2.7|1027.2|0.0|10|30|no|2|4|22|12.8|0.00|6.71
2019-09-19|09:42:00|14.61|0.22|3.35|13.43|21.04|172.6|26.6|25.9|so____|12.8|55|725|2.7|1027.2|0.0|10|30|no|2|4|22|12.8|0.00|6.87
2019-09-19|09:43:00|14.63|0.23|3.49|13.43|21.03|172.771|26.6|25.8|so____|12.8|55|725|2.7|1027.2|0.0|10|30|no|2|4|22|12.8|0.00|7.04
2019-09-19|09:44:00|36.56|0.16|6.74|13.49|21.01|173.453|26.6|25.9|so____|12.8|55|725|2.7|1027.2|0.0|10|30|no|2|4|22|12.8|0.00|7.20
2019-09-19|09:45:00|22.0|0.21|4.99|13.51|21.0|173.738|26.6|25.9|so____|12.8|55|725|2.7|1027.2|0.0|10|30|no|2|4|22|12.8|0.00|7.37
2019-09-19|09:46:00|14.67|0.25|3.37|13.48|21.04|173.852|26.6|25.9|so____|12.8|55|725|2.7|1027.2|0.0|10|30|no|2|4|22|12.8|0.00|7.53
2019-09-19|09:47:00|14.69|0.22|3.36|13.47|21.05|173.795|26.6|25.9|so____|12.8|55|725|2.7|1027.2|0.0|10|30|no|2|4|22|12.8|0.00|7.70
2019-09-19|09:48:00|14.67|0.23|3.5|13.47|21.0|174.193|26.6|25.9|so____|12.8|55|725|2.7|1027.2|0.0|10|30|no|2|4|22|12.8|0.00|7.86
2019-09-19|09:49:00|14.67|0.23|3.63|13.47|21.05|174.25|26.6|25.9|so____|12.8|55|725|2.7|1027.2|0.0|10|30|no|2|4|22|12.8|0.00|8.03
2019-09-19|09:50:00|14.67|0.23|3.5|13.47|21.06|173.624|26.6|26.0|so____|12.8|55|725|2.7|1027.2|0.0|10|30|no|2|4|22|12.8|0.00|8.19
2019-09-19|09:51:00|14.69|0.23|3.5|13.47|21.05|174.932|26.6|25.9|so____|12.8|55|725|2.7|1027.2|0.0|10|30|no|2|4|22|12.8|0.00|8.36
2019-09-19|09:52:00|14.67|0.25|3.63|13.48|21.06|175.444|26.6|25.9|so____|12.8|55|725|2.7|1027.2|0.0|10|30|no|2|4|22|12.8|0.00|8.52
2019-09-19|09:53:00|14.7|0.25|3.64|13.48|21.03|175.956|26.6|25.9|so____|12.8|55|725|2.7|1027.2|0.0|10|30|no|2|4|22|12.8|0.00|8.69
2019-09-19|09:54:00|14.7|0.24|3.64|13.49|21.07|176.183|26.6|25.7|so____|12.8|55|725|2.7|1027.2|0.0|10|30|no|2|4|22|12.8|0.00|8.85
2019-09-19|09:55:00|14.71|0.25|3.91|13.5|21.07|177.036|26.6|25.8|so____|12.8|55|725|2.7|1027.2|0.0|10|30|no|2|4|22|12.8|0.00|9.02
2019-09-19|09:56:00|14.73|0.28|4.18|13.51|21.08|177.662|26.7|25.6|so____|12.8|55|725|2.7|1027.2|0.0|10|30|no|2|4|22|12.8|0.00|9.18
2019-09-19|09:57:00|14.76|0.31|4.46|13.53|21.04|178.231|26.7|25.6|so____|12.8|55|725|2.7|1027.2|0.0|10|30|no|2|4|22|12.8|0.00|9.35
2019-09-19|09:58:00|14.78|0.3|4.47|13.54|21.06|178.458|26.7|25.7|so____|12.8|55|725|2.7|1027.2|0.0|10|30|no|2|4|22|12.8|0.00|9.51
2019-09-19|09:59:00|14.8|0.3|4.6|13.55|21.09|178.799|26.7|25.7|so____|12.8|55|725|2.7|1027.2|0.0|10|30|no|2|4|22|12.8|0.00|9.68
2019-09-19|10:00:00|14.74|0.3|4.61|13.56|21.08|179.368|26.7|25.8|so____|12.8|55|725|2.7|1027.2|0.0|10|30|no|2|4|22|12.8|0.00|9.84
2019-09-19|10:01:00|14.81|0.32|4.61|13.56|21.09|179.937|26.7|25.8|so____|12.8|55|725|2.7|1027.2|0.0|10|30|no|2|4|22|12.8|0.00|9.99
2019-09-19|10:02:00|14.82|0.32|4.75|13.58|21.05|180.164|26.8|25.8|so____|12.8|55|725|2.7|1027.2|0.0|10|30|no|2|4|22|12.8|0.00|9.99
2019-09-19|10:03:00|14.84|0.32|4.75|13.58|21.11|180.392|26.8|25.8|so____|12.8|55|725|2.7|1027.2|0.0|10|30|no|2|4|22|12.8|0.00|9.99
2019-09-19|10:04:00|14.84|0.32|4.76|13.59|21.12|180.505|26.8|25.7|so____|12.8|55|725|2.7|1027.2|0.0|10|30|no|2|4|22|12.8|0.00|9.99
2019-09-19|10:05:00|14.83|0.32|4.76|13.59|21.09|180.847|26.8|25.6|so____|12.8|55|725|2.7|1027.2|0.0|10|30|no|2|4|22|12.8|0.00|9.99
2019-09-19|10:06:00|14.9|0.32|4.76|13.6|21.1|180.505|26.8|25.6|so____|12.8|55|725|2.7|1027.2|0.0|10|30|no|2|4|22|12.8|0.00|9.99
2019-09-19|10:07:00|14.87|0.32|4.89|13.61|21.1|181.586|26.8|25.7|so____|12.8|55|725|2.7|1027.2|0.0|10|30|no|2|4|22|12.8|0.00|9.99
2019-09-19|10:08:00|14.9|0.35|5.31|13.63|21.11|181.643|26.8|25.5|so____|12.8|55|725|2.7|1027.2|0.0|10|30|no|2|4|22|12.8|0.00|9.99
2019-09-19|10:09:00|14.94|0.4|6.0|13.65|21.1|182.553|26.8|25.5|so____|12.8|55|725|2.7|1027.2|0.0|10|30|no|2|4|22|12.8|0.00|9.99
2019-09-19|10:10:00|15.01|0.43|6.57|13.7|21.12|182.894|26.8|25.5|so____|13.6|50|755|2.1|1027.1|0.0|10|30|no|2|4|23|13.6|0.00|9.99
2019-09-19|10:11:00|15.11|0.51|7.57|13.78|21.13|183.121|26.8|25.5|so____|13.6|50|755|2.1|1027.1|0.0|10|30|no|2|4|23|13.6|0.00|9.99
2019-09-19|10:12:00|15.25|0.59|9.02|13.89|21.12|183.292|26.8|25.4|so____|13.6|50|755|2.1|1027.1|0.0|10|30|no|2|4|23|13.6|0.00|9.99
2019-09-19|10:13:00|15.41|0.66|10.1|14.05|21.15|184.088|26.8|25.3|so____|13.6|50|755|2.1|1027.1|0.0|10|30|no|2|4|23|13.6|0.00|9.99
2019-09-19|10:14:00|15.62|0.73|11.52|14.23|21.14|185.055|26.8|25.5|so____|13.6|50|755|2.1|1027.1|0.0|10|30|no|2|4|23|13.6|0.00|9.99
2019-09-19|10:15:00|15.8|0.84|13.38|14.4|21.15|185.737|26.8|25.3|so____|13.6|50|755|2.1|1027.1|0.0|10|30|no|2|4|23|13.6|0.00|9.99
2019-09-19|10:16:00|15.41|0.99|15.27|14.56|21.16|158.781|26.8|25.5|so____|13.6|50|755|2.1|1027.1|0.0|10|30|no|2|4|23|13.6|0.00|9.99
2019-09-19|10:17:00|15.91|0.48|7.53|14.21|21.19|152.298|26.8|25.3|so____|13.6|50|755|2.1|1027.1|0.0|10|30|no|2|4|23|13.6|0.00|9.99
2019-09-19|10:18:00|15.27|0.39|6.0|13.97|21.17|185.965|26.8|25.4|so____|13.6|50|755|2.1|1027.1|0.0|10|30|no|2|4|23|13.6|0.00|9.99
2019-09-19|10:19:00|15.87|1.3|20.78|14.74|21.15|187.614|26.8|25.3|so____|13.6|50|755|2.1|1027.1|0.0|10|30|no|2|4|23|13.6|0.00|9.99
2019-09-19|10:20:00|22.71|0.53|11.91|14.53|21.18|188.41|26.8|25.3|so____|13.8|50|760|2.1|1027.0|0.0|10|30|no|2|4|23|13.8|0.00|9.99
2019-09-19|10:21:00|22.63|0.48|11.01|14.49|21.18|188.695|26.8|25.1|so____|13.8|50|760|2.1|1027.0|0.0|10|30|no|2|4|23|13.8|0.00|9.99
2019-09-19|10:22:00|22.54|0.46|10.4|14.46|21.22|189.206|26.8|25.2|so____|13.8|50|760|2.1|1027.0|0.0|10|30|no|2|4|23|13.8|0.00|9.99
2019-09-19|10:23:00|22.49|0.42|9.49|14.38|21.19|190.23|26.8|25.2|so____|13.8|50|760|2.1|1027.0|0.0|10|30|no|2|4|23|13.8|0.00|9.99
2019-09-19|10:24:00|22.48|0.42|9.49|14.39|21.22|157.302|26.8|25.2|so____|13.8|50|760|2.1|1027.0|0.0|10|30|no|2|4|23|13.8|0.00|9.99
2019-09-19|10:25:00|20.12|0.19|3.92|14.03|21.18|161.511|26.8|25.1|so____|13.8|50|760|2.1|1027.0|0.0|10|30|no|2|4|23|13.8|0.00|9.99
2019-09-19|10:26:00|16.48|0.33|5.46|14.0|21.2|167.71|26.8|25.2|so____|13.8|50|760|2.1|1027.0|0.0|10|30|no|2|4|23|13.8|0.00|9.99
2019-09-19|10:27:00|15.22|0.39|6.01|13.99|21.21|193.756|26.8|25.3|so____|13.8|50|760|2.1|1027.0|0.0|10|30|no|2|4|23|13.8|0.00|9.99
2019-09-19|10:28:00|23.05|0.39|9.19|14.37|21.18|194.723|26.8|25.1|so____|13.8|50|760|2.1|1027.0|0.0|10|30|no|2|4|23|13.8|0.00|9.99
2019-09-19|10:29:00|22.93|0.4|9.35|14.38|21.22|194.893|26.8|24.9|so____|13.8|50|760|2.1|1027.0|0.0|10|30|no|2|4|23|13.8|0.00|9.99
2019-09-19|10:30:00|22.89|0.38|9.05|14.38|21.2|195.405|26.8|24.8|so____|13.6|50|765|2.6|1027.0|0.0|10|30|no|2|4|22|13.6|0.00|9.99
2019-09-19|10:31:00|22.82|0.38|8.77|14.39|21.25|195.86|26.8|24.7|so____|13.6|50|765|2.6|1027.0|0.0|10|30|no|2|4|22|13.6|0.00|9.99
2019-09-19|10:32:00|22.76|0.37|8.48|14.38|21.23|196.429|26.8|24.6|so____|13.6|50|765|2.6|1027.0|0.0|10|30|no|2|4|22|13.6|0.00|9.99
2019-09-19|10:33:00|22.64|0.38|8.47|14.37|21.25|196.884|26.8|24.6|so____|13.6|50|765|2.6|1027.0|0.0|10|30|no|2|4|22|13.6|0.00|9.99
2019-09-19|10:34:00|22.65|0.37|8.48|14.38|21.29|197.282|26.8|24.6|so____|13.6|50|765|2.6|1027.0|0.0|10|30|no|2|4|22|13.6|0.00|9.99
2019-09-19|10:35:00|22.66|0.36|8.19|14.38|21.28|197.68|26.8|24.6|so____|13.6|50|765|2.6|1027.0|0.0|10|30|no|2|4|22|13.6|0.00|9.99
2019-09-19|10:36:00|22.59|0.36|8.34|14.38|21.24|197.623|26.9|24.4|so____|13.6|50|765|2.6|1027.0|0.0|10|30|no|2|4|22|13.6|0.00|9.99
2019-09-19|10:37:00|22.55|0.35|8.05|14.38|21.24|197.851|26.9|24.4|so____|13.6|50|765|2.6|1027.0|0.0|10|30|no|2|4|22|13.6|0.00|9.99
2019-09-19|10:38:00|22.48|0.35|8.04|14.38|21.29|198.704|26.9|24.4|so____|13.6|50|765|2.6|1027.0|0.0|10|30|no|2|4|22|13.6|0.00|9.99
2019-09-19|10:39:00|22.45|0.36|7.9|14.37|21.27|199.386|26.9|24.5|so____|13.6|50|765|2.6|1027.0|0.0|10|30|no|2|4|22|13.6|0.00|9.99
2019-09-19|10:40:00|22.44|0.35|7.91|14.38|21.27|200.126|26.9|24.5|so____|14.0|50|765|2.3|1026.9|0.0|10|30|no|2|4|22|14.0|0.00|9.99
2019-09-19|10:41:00|22.35|0.4|9.28|14.52|21.31|201.49|26.9|24.5|so____|14.0|50|765|2.3|1026.9|0.0|10|30|no|2|4|22|14.0|0.00|9.99
2019-09-19|10:42:00|22.39|0.4|9.01|14.54|21.31|202.343|26.9|24.5|so____|14.0|50|765|2.3|1026.9|0.0|10|30|no|2|4|22|14.0|0.00|9.99
2019-09-19|10:43:00|22.37|0.39|9.01|14.54|21.28|203.14|26.9|24.4|so____|14.0|50|765|2.3|1026.9|0.0|10|30|no|2|4|22|14.0|0.00|9.99
2019-09-19|10:44:00|22.38|0.38|8.71|14.53|21.34|204.163|26.9|24.5|so____|14.0|50|765|2.3|1026.9|0.0|10|30|no|2|4|22|14.0|0.00|9.99
2019-09-19|10:45:00|22.38|0.38|8.56|14.53|21.3|204.448|27.0|24.4|so____|14.0|50|765|2.3|1026.9|0.0|10|30|no|2|4|22|14.0|0.00|9.99
2019-09-19|10:46:00|22.37|0.37|8.27|14.52|21.31|204.618|27.0|24.4|so____|14.0|50|765|2.3|1026.9|0.0|10|30|no|2|4|22|14.0|0.00|9.99
2019-09-19|10:47:00|22.38|0.37|8.42|14.52|21.31|204.561|27.0|24.3|so____|14.0|50|765|2.3|1026.9|0.0|10|30|no|2|4|22|14.0|0.00|9.99
2019-09-19|10:48:00|22.37|0.37|8.13|14.52|21.32|204.618|27.0|24.3|so____|14.0|50|765|2.3|1026.9|0.0|10|30|no|2|4|22|14.0|0.00|9.99
2019-09-19|10:49:00|22.36|0.36|8.28|14.54|21.36|204.448|27.0|24.1|so____|14.0|50|765|2.3|1026.9|0.0|10|30|no|2|4|22|14.0|0.00|9.99
2019-09-19|10:50:00|23.89|0.38|8.75|14.59|21.34|202.798|27.0|24.0|so____|14.0|50|765|2.3|1026.9|0.0|10|30|no|2|4|22|14.0|0.00|9.99
2019-09-19|10:51:00|26.55|0.38|10.12|14.68|21.36|204.334|27.0|24.0|so____|14.0|50|765|2.3|1026.9|0.0|10|30|no|2|4|22|14.0|0.00|9.99
2019-09-19|10:52:00|44.04|0.16|7.15|14.6|21.39|204.505|27.1|23.9|so____|14.0|50|765|2.3|1026.9|0.0|10|30|no|2|4|22|14.0|0.00|9.99
2019-09-19|10:53:00|44.1|0.16|7.25|14.5|21.36|206.04|27.1|24.0|so____|14.0|50|765|2.3|1026.9|0.0|10|30|no|2|4|22|14.0|0.00|9.99
2019-09-19|10:54:00|44.08|0.17|7.39|14.5|21.4|207.064|27.1|23.8|so____|14.0|50|765|2.3|1026.9|0.0|10|30|no|2|4|22|14.0|0.00|9.99
2019-09-19|10:55:00|44.07|0.17|7.25|14.51|21.4|207.519|27.1|23.9|so____|14.0|50|765|2.3|1026.9|0.0|10|30|no|2|4|22|14.0|0.00|9.99
2019-09-19|10:56:00|44.03|0.16|7.25|14.51|21.4|203.31|27.1|24.1|so____|14.0|50|765|2.3|1026.9|0.0|10|30|no|2|4|22|14.0|0.00|9.99
2019-09-19|10:57:00|43.92|0.16|7.1|14.51|21.38|204.903|27.1|24.0|so____|14.0|50|765|2.3|1026.9|0.0|10|30|no|2|4|22|14.0|0.00|9.99
2019-09-19|10:58:00|44.01|0.16|7.54|14.51|21.4|202.969|27.1|23.9|so____|14.0|50|765|2.3|1026.9|0.0|10|30|no|2|4|22|14.0|0.00|9.99
2019-09-19|10:59:00|43.88|0.16|7.54|14.51|21.39|201.263|27.2|23.8|so____|14.0|50|765|2.3|1026.9|0.0|10|30|no|2|4|22|14.0|0.00|9.99
2019-09-19|11:00:00|43.79|0.16|7.26|14.52|21.43|200.296|27.2|23.7|so____|14.0|50|765|2.3|1026.9|0.0|10|30|no|2|4|22|14.0|0.00|9.99
2019-09-19|11:01:00|43.67|0.16|7.11|14.52|21.43|200.239|27.2|23.9|so____|14.0|50|765|2.3|1026.9|0.0|10|30|no|2|4|22|14.0|0.00|9.99
2019-09-19|11:02:00|43.74|0.16|7.11|14.52|21.41|200.296|27.2|23.7|so____|14.0|50|765|2.3|1026.9|0.0|10|30|no|2|4|22|14.0|0.00|9.99
2019-09-19|11:03:00|43.6|0.16|6.96|14.52|21.45|199.386|27.2|23.7|so____|14.0|50|765|2.3|1026.9|0.0|10|30|no|2|4|22|14.0|0.00|9.99
2019-09-19|11:04:00|43.55|0.16|7.11|14.53|21.42|197.908|27.2|23.8|so____|14.0|50|765|2.3|1026.9|0.0|10|30|no|2|4|22|14.0|0.00|9.99
2019-09-19|11:05:00|43.43|0.15|6.97|14.53|21.45|196.77|27.2|23.8|so____|14.0|50|765|2.3|1026.9|0.0|10|30|no|2|4|22|14.0|0.00|9.99
2019-09-19|11:06:00|43.49|0.16|6.97|14.54|21.46|194.78|27.2|23.8|so____|14.0|50|765|2.3|1026.9|0.0|10|30|no|2|4|22|14.0|0.00|9.99
2019-09-19|11:07:00|43.49|0.16|6.83|14.55|21.44|191.936|27.2|23.4|so____|14.0|50|765|2.3|1026.9|0.0|10|30|no|2|4|22|14.0|0.00|9.99
2019-09-19|11:08:00|43.72|0.16|7.12|14.54|21.48|190.913|27.2|23.6|so____|14.0|50|765|2.3|1026.9|0.0|10|30|no|2|4|22|14.0|0.00|9.99
2019-09-19|11:09:00|43.92|0.15|7.27|14.55|21.49|190.003|27.2|23.6|so____|14.0|50|765|2.3|1026.9|0.0|10|30|no|2|4|22|14.0|0.00|9.99
2019-09-19|11:10:00|44.23|0.15|6.97|14.55|21.49|189.263|27.2|23.4|wb____|14.6|45|605|2.0|1026.8|0.0|20|30|no|2|4|23|14.6|0.00|9.99
2019-09-19|11:11:00|44.37|0.15|6.83|14.54|21.51|188.581|27.2|23.4|wb____|14.6|45|605|2.0|1026.8|0.0|20|30|no|2|4|23|14.6|0.00|9.99
2019-09-19|11:12:00|44.52|0.14|6.98|14.54|21.49|188.012|27.2|23.6|wb____|14.6|45|605|2.0|1026.8|0.0|20|30|no|2|4|23|14.6|0.00|9.99
2019-09-19|11:13:00|44.61|0.15|6.69|14.55|21.49|181.984|27.3|23.7|wb____|14.6|45|605|2.0|1026.8|0.0|20|30|no|2|4|23|14.6|0.00|9.99
2019-09-19|11:14:00|44.01|0.14|6.68|14.54|21.5|150.706|27.3|23.6|wb____|14.6|45|605|2.0|1026.8|0.0|20|30|no|2|4|23|14.6|0.00|9.99
2019-09-19|11:15:00|41.15|0.15|5.94|14.48|21.55|150.706|27.3|23.7|wb____|14.6|45|605|2.0|1026.8|0.0|20|30|no|2|4|23|14.6|0.00|9.99
2019-09-19|11:16:00|41.66|0.14|6.38|14.5|21.5|149.17|27.2|23.5|wb____|14.6|45|605|2.0|1026.8|0.0|20|30|no|2|4|23|14.6|0.00|9.99
2019-09-19|11:17:00|41.9|0.14|6.23|14.5|21.5|148.658|27.3|23.8|wb____|14.6|45|605|2.0|1026.8|0.0|20|30|no|2|4|23|14.6|0.00|9.99
2019-09-19|11:18:00|42.26|0.15|6.67|14.51|21.54|147.976|27.3|23.9|wb____|14.6|45|605|2.0|1026.8|0.0|20|30|no|2|4|23|14.6|0.00|9.99
2019-09-19|11:19:00|42.4|0.15|6.53|14.52|21.53|149.113|27.2|23.9|wb____|14.6|45|605|2.0|1026.8|0.0|20|30|no|2|4|23|14.6|0.00|9.99
2019-09-19|11:20:00|42.57|0.15|6.24|14.52|21.56|157.53|27.2|23.9|wb____|14.6|45|630|2.0|1026.7|0.0|20|30|no|2|4|23|14.6|0.00|9.99
2019-09-19|11:21:00|44.0|0.15|6.69|14.55|21.53|148.317|27.2|24.1|wb____|14.6|45|630|2.0|1026.7|0.0|20|30|no|2|4|23|14.6|0.00|9.99
2019-09-19|11:22:00|42.34|0.14|5.94|14.51|21.57|147.976|27.2|24.1|wb____|14.6|45|630|2.0|1026.7|0.0|20|30|no|2|4|23|14.6|0.00|9.99
2019-09-19|11:23:00|42.23|0.15|6.23|14.5|21.55|149.113|27.2|24.0|wb____|14.6|45|630|2.0|1026.7|0.0|20|30|no|2|4|23|14.6|0.00|9.99
2019-09-19|11:24:00|42.56|0.14|5.8|14.52|21.59|163.558|27.2|24.1|wb____|14.6|45|630|2.0|1026.7|0.0|20|30|no|2|4|23|14.6|0.00|9.99
2019-09-19|11:25:00|44.12|0.13|6.1|14.54|21.57|157.985|27.2|24.2|wb____|14.6|45|630|2.0|1026.7|0.0|20|30|no|2|4|23|14.6|0.00|9.99
2019-09-19|11:26:00|44.21|0.14|6.39|14.54|21.57|176.126|27.2|24.3|wb____|14.6|45|630|2.0|1026.7|0.0|20|30|no|2|4|23|14.6|0.00|9.99
2019-09-19|11:27:00|44.09|0.11|4.91|14.45|21.59|159.805|27.2|24.1|wb____|14.6|45|630|2.0|1026.7|0.0|20|30|no|2|4|23|14.6|0.00|9.99
2019-09-19|11:28:00|44.07|0.12|5.63|14.45|21.61|181.87|27.2|24.1|wb____|14.6|45|630|2.0|1026.7|0.0|20|30|no|2|4|23|14.6|0.00|9.99
2019-09-19|11:29:00|46.71|0.14|6.24|14.52|21.6|190.685|27.2|24.1|wb____|14.6|45|630|2.0|1026.7|0.0|20|30|no|2|4|23|14.6|0.00|9.99
2019-09-19|11:30:00|46.41|0.14|6.39|14.54|21.6|190.856|27.2|24.1|wb____|14.7|45|605|2.6|1026.7|0.0|20|30|no|2|4|22|14.7|0.00|9.99
2019-09-19|11:31:00|45.98|0.13|5.96|14.54|21.6|191.14|27.2|24.2|wb____|14.7|45|605|2.6|1026.7|0.0|20|30|no|2|4|22|14.7|0.00|9.99
2019-09-19|11:32:00|45.67|0.13|5.95|14.54|21.63|192.05|27.2|23.9|wb____|14.7|45|605|2.6|1026.7|0.0|20|30|no|2|4|22|14.7|0.00|9.99
2019-09-19|11:33:00|45.49|0.13|5.81|14.54|21.63|193.585|27.2|24.3|wb____|14.7|45|605|2.6|1026.7|0.0|20|30|no|2|4|22|14.7|0.00|9.99
2019-09-19|11:34:00|45.36|0.12|5.95|14.53|21.62|194.097|27.2|24.2|wb____|14.7|45|605|2.6|1026.7|0.0|20|30|no|2|4|22|14.7|0.00|9.99
2019-09-19|11:35:00|45.1|0.13|6.1|14.53|21.63|194.893|27.2|24.1|wb____|14.7|45|605|2.6|1026.7|0.0|20|30|no|2|4|22|14.7|0.00|9.99
2019-09-19|11:36:00|44.96|0.13|5.52|14.53|21.62|195.803|27.2|24.1|wb____|14.7|45|605|2.6|1026.7|0.0|20|30|no|2|4|22|14.7|0.00|9.99
2019-09-19|11:37:00|44.81|0.13|6.09|14.53|21.66|196.372|27.2|24.1|wb____|14.7|45|605|2.6|1026.7|0.0|20|30|no|2|4|22|14.7|0.00|9.99
2019-09-19|11:38:00|44.73|0.12|5.66|14.53|21.62|196.713|27.2|23.9|wb____|14.7|45|605|2.6|1026.7|0.0|20|30|no|2|4|22|14.7|0.00|9.99
2019-09-19|11:39:00|44.63|0.13|5.51|14.53|21.62|198.135|27.2|24.1|wb____|14.7|45|605|2.6|1026.7|0.0|20|30|no|2|4|22|14.7|0.00|9.99
2019-09-19|11:40:00|44.81|0.13|5.81|14.54|21.63|198.818|27.2|24.2|wb____|14.8|45|600|2.3|1026.6|0.0|20|30|no|2|4|22|14.8|0.00|9.99
2019-09-19|11:41:00|44.84|0.12|5.81|14.54|21.66|198.363|27.2|24.1|wb____|14.8|45|600|2.3|1026.6|0.0|20|30|no|2|4|22|14.8|0.00|9.99
2019-09-19|11:42:00|44.72|0.12|6.24|14.53|21.64|198.021|27.2|23.9|wb____|14.8|45|600|2.3|1026.6|0.0|20|30|no|2|4|22|14.8|0.00|9.99
2019-09-19|11:43:00|44.55|0.13|5.37|14.52|21.65|198.135|27.3|23.8|wb____|14.8|45|600|2.3|1026.6|0.0|20|30|no|2|4|22|14.8|0.00|9.99
2019-09-19|11:44:00|44.45|0.12|5.8|14.52|21.69|197.908|27.3|24.1|wb____|14.8|45|600|2.3|1026.6|0.0|20|30|no|2|4|22|14.8|0.00|9.99
2019-09-19|11:45:00|44.33|0.12|5.51|14.52|21.66|197.623|27.3|24.0|wb____|14.8|45|600|2.3|1026.6|0.0|20|30|no|2|4|22|14.8|0.00|9.99
2019-09-19|11:46:00|44.36|0.12|5.8|14.52|21.7|197.68|27.3|24.1|wb____|14.8|45|600|2.3|1026.6|0.0|20|30|no|2|4|22|14.8|0.00|9.99
2019-09-19|11:47:00|44.41|0.12|5.23|14.52|21.69|196.031|27.3|24.0|wb____|14.8|45|600|2.3|1026.6|0.0|20|30|no|2|4|22|14.8|0.00|9.99
2019-09-19|11:48:00|44.37|0.12|5.52|14.51|21.68|195.462|27.3|24.0|wb____|14.8|45|600|2.3|1026.6|0.0|20|30|no|2|4|22|14.8|0.00|9.99
2019-09-19|11:49:00|44.29|0.12|5.37|14.52|21.69|194.382|27.3|23.9|wb____|14.8|45|600|2.3|1026.6|0.0|20|30|no|2|4|22|14.8|0.00|9.99
2019-09-19|11:50:00|44.22|0.11|5.8|14.52|21.72|193.131|27.3|23.6|wb____|14.8|45|600|2.3|1026.6|0.0|20|30|no|2|4|22|14.8|0.00|9.99
2019-09-19|11:51:00|44.05|0.11|5.07|14.52|21.72|192.05|27.3|23.7|wb____|14.8|45|600|2.3|1026.6|0.0|20|30|no|2|4|22|14.8|0.00|9.99
2019-09-19|11:52:00|44.05|0.12|5.37|14.51|21.76|191.197|27.3|23.6|wb____|14.8|45|600|2.3|1026.6|0.0|20|30|no|2|4|22|14.8|0.00|9.99
2019-09-19|11:53:00|43.91|0.11|5.51|14.51|21.71|190.685|27.3|23.8|wb____|14.8|45|600|2.3|1026.6|0.0|20|30|no|2|4|22|14.8|0.00|9.99
2019-09-19|11:54:00|44.0|0.12|5.51|14.51|21.71|190.514|27.3|23.8|wb____|14.8|45|600|2.3|1026.6|0.0|20|30|no|2|4|22|14.8|0.00|9.99
2019-09-19|11:55:00|44.07|0.12|5.66|14.52|21.73|190.173|27.3|23.6|wb____|14.8|45|600|2.3|1026.6|0.0|20|30|no|2|4|22|14.8|0.00|9.99
2019-09-19|11:56:00|44.08|0.12|5.95|14.52|21.76|189.661|27.3|23.4|wb____|14.8|45|600|2.3|1026.6|0.0|20|30|no|2|4|22|14.8|0.00|9.99
2019-09-19|11:57:00|44.12|0.12|5.52|14.52|21.72|188.581|27.3|23.6|wb____|14.8|45|600|2.3|1026.6|0.0|20|30|no|2|4|22|14.8|0.00|9.99
2019-09-19|11:58:00|44.07|0.11|5.37|14.53|21.76|188.012|27.3|23.6|wb____|14.8|45|600|2.3|1026.6|0.0|20|30|no|2|4|22|14.8|0.00|9.99
2019-09-19|11:59:00|43.98|0.12|5.52|14.52|21.74|188.183|27.4|23.2|wb____|14.8|45|600|2.3|1026.6|0.0|20|30|no|2|4|22|14.8|0.00|9.99
2019-09-19|12:00:00|44.02|0.12|5.37|14.53|21.75|188.467|27.4|23.6|wb____|14.8|45|600|2.3|1026.6|0.0|20|30|no|2|4|22|14.8|0.00|9.99
2019-09-19|12:01:00|44.23|0.12|5.37|14.53|21.77|188.638|27.4|23.4|wb____|14.8|45|600|2.3|1026.6|0.0|20|30|no|2|4|22|14.8|0.00|9.99
2019-09-19|12:02:00|44.23|0.12|5.23|14.52|21.76|188.752|27.4|23.3|wb____|14.8|45|600|2.3|1026.6|0.0|20|30|no|2|4|22|14.8|0.00|9.99
2019-09-19|12:03:00|44.18|0.11|5.22|14.53|21.77|188.979|27.4|23.4|wb____|14.8|45|600|2.3|1026.6|0.0|20|30|no|2|4|22|14.8|0.00|9.99
2019-09-19|12:04:00|44.16|0.11|5.37|14.52|21.78|186.704|27.4|23.5|wb____|14.8|45|600|2.3|1026.6|0.0|20|30|no|2|4|22|14.8|0.00|9.99
2019-09-19|12:05:00|44.0|0.11|5.22|14.52|21.77|153.947|27.4|23.6|wb____|14.8|45|600|2.3|1026.6|0.0|20|30|no|2|4|22|14.8|0.00|9.99
2019-09-19|12:06:00|41.32|0.12|4.62|14.44|21.78|187.955|27.4|23.7|wb____|14.8|45|600|2.3|1026.6|0.0|20|30|no|2|4|22|14.8|0.00|9.99
2019-09-19|12:07:00|44.53|0.11|5.37|14.52|21.81|151.104|27.4|23.6|wb____|14.8|45|600|2.3|1026.6|0.0|20|30|no|2|4|22|14.8|0.00|9.99
2019-09-19|12:08:00|40.87|0.1|4.02|14.37|21.8|149.17|27.3|23.7|wb____|14.8|45|600|2.3|1026.6|0.0|20|30|no|2|4|22|14.8|0.00|9.99
2019-09-19|12:09:00|41.09|0.1|4.46|14.4|21.79|150.592|27.4|23.6|wb____|14.8|45|600|2.3|1026.6|0.0|20|30|no|2|4|22|14.8|0.00|9.99
2019-09-19|12:10:00|41.55|0.12|4.91|14.47|21.79|152.07|27.4|23.6|so____|15.1|45|750|2.0|1026.5|0.0|10|25|no|2|4|23|15.1|0.00|9.99
2019-09-19|12:11:00|41.89|0.12|5.22|14.5|21.79|183.235|27.4|23.6|so____|15.1|45|750|2.0|1026.5|0.0|10|25|no|2|4|23|15.1|0.00|9.99
2019-09-19|12:12:00|45.87|0.11|5.37|14.54|21.82|192.05|27.4|23.6|so____|15.1|45|750|2.0|1026.5|0.0|10|25|no|2|4|23|15.1|0.00|9.99
2019-09-19|12:13:00|45.81|0.1|4.93|14.5|21.8|192.107|27.4|23.7|so____|15.1|45|750|2.0|1026.5|0.0|10|25|no|2|4|23|15.1|0.00|9.99
2019-09-19|12:14:00|45.43|0.09|4.91|14.45|21.89|189.263|27.4|23.6|so____|15.1|45|750|2.0|1026.5|0.0|10|25|no|2|4|23|15.1|0.00|9.99
2019-09-19|12:15:00|45.1|0.1|4.33|14.46|21.85|165.719|27.4|23.4|so____|15.1|45|750|2.0|1026.5|0.0|10|25|no|2|4|23|15.1|0.00|9.99
2019-09-19|12:16:00|42.55|0.0|0.27|13.96|21.81|156.392|27.4|23.6|so____|15.1|45|750|2.0|1026.5|0.0|10|25|no|2|4|23|15.1|0.00|9.99
2019-09-19|12:17:00|42.26|0.0|0.13|13.85|21.86|164.013|27.4|23.5|so____|15.1|45|750|2.0|1026.5|0.0|10|25|no|2|4|23|15.1|0.00|9.99
2019-09-19|12:18:00|42.32|0.0|0.0|13.8|21.83|158.326|27.4|23.6|so____|15.1|45|750|2.0|1026.5|0.0|10|25|no|2|4|23|15.1|0.00|9.99
2019-09-19|12:19:00|43.25|0.01|0.13|13.76|21.85|190.003|27.4|23.8|so____|15.1|45|750|2.0|1026.5|0.0|10|25|no|2|4|23|15.1|0.00|9.99
2019-09-19|12:20:00|46.05|0.01|0.41|13.73|21.83|188.979|27.4|23.9|so____|15.2|45|745|2.0|1026.5|0.0|10|25|no|2|4|23|15.2|0.00|9.99
2019-09-19|12:21:00|45.61|0.04|1.92|13.72|21.84|189.206|27.4|23.7|so____|15.2|45|745|2.0|1026.5|0.0|10|25|no|2|4|23|15.2|0.00|9.99
2019-09-19|12:22:00|45.23|0.06|2.33|13.73|21.86|190.344|27.4|23.8|so____|15.2|45|745|2.0|1026.5|0.0|10|25|no|2|4|23|15.2|0.00|9.99
2019-09-19|12:23:00|44.96|0.1|4.55|13.79|21.88|190.799|27.4|23.8|so____|15.2|45|745|2.0|1026.5|0.0|10|25|no|2|4|23|15.2|0.00|9.99
2019-09-19|12:24:00|44.79|0.09|4.02|13.87|21.85|191.083|27.4|23.8|so____|15.2|45|745|2.0|1026.5|0.0|10|25|no|2|4|23|15.2|0.00|9.99
2019-09-19|12:25:00|44.64|0.07|2.92|13.94|21.86|193.131|27.4|23.7|so____|15.2|45|745|2.0|1026.5|0.0|10|25|no|2|4|23|15.2|0.00|9.99
2019-09-19|12:26:00|44.58|0.07|3.2|13.94|21.85|193.585|27.4|23.7|so____|15.2|45|745|2.0|1026.5|0.0|10|25|no|2|4|23|15.2|0.00|9.99
2019-09-19|12:27:00|44.4|0.07|2.64|13.94|21.87|194.154|27.4|23.8|so____|15.2|45|745|2.0|1026.5|0.0|10|25|no|2|4|23|15.2|0.00|9.99
2019-09-19|12:28:00|44.26|0.06|2.92|13.94|21.86|194.268|27.4|23.8|so____|15.2|45|745|2.0|1026.5|0.0|10|25|no|2|4|23|15.2|0.00|9.99
2019-09-19|12:29:00|44.33|0.06|2.92|13.93|21.86|193.585|27.4|23.7|so____|15.2|45|745|2.0|1026.5|0.0|10|25|no|2|4|23|15.2|0.00|9.99
2019-09-19|12:30:00|44.22|0.05|2.78|13.93|21.9|193.984|27.4|23.6|so____|15.2|45|745|2.0|1026.5|0.0|10|25|no|2|4|23|15.2|0.00|9.99
2019-09-19|12:31:00|44.13|0.06|2.78|13.93|21.89|194.325|27.4|23.6|so____|15.2|45|730|2.1|1026.4|0.0|10|25|no|2|4|22|15.2|0.00|9.99
2019-09-19|12:32:00|44.11|0.06|3.06|13.93|21.89|194.78|27.4|23.6|so____|15.2|45|730|2.1|1026.4|0.0|10|25|no|2|4|22|15.2|0.00|9.99
2019-09-19|12:33:00|44.1|0.06|2.92|13.93|21.87|194.837|27.4|23.5|so____|15.2|45|730|2.1|1026.4|0.0|10|25|no|2|4|22|15.2|0.00|9.99
2019-09-19|12:34:00|44.04|0.06|3.06|13.92|21.87|194.723|27.5|23.8|so____|15.2|45|730|2.1|1026.4|0.0|10|25|no|2|4|22|15.2|0.00|9.99
2019-09-19|12:35:00|44.09|0.06|2.78|13.92|21.91|193.244|27.5|23.7|so____|15.2|45|730|2.1|1026.4|0.0|10|25|no|2|4|22|15.2|0.00|9.99
2019-09-19|12:36:00|43.98|0.06|2.92|13.92|21.89|193.984|27.5|23.7|so____|15.2|45|730|2.1|1026.4|0.0|10|25|no|2|4|22|15.2|0.00|9.99
2019-09-19|12:37:00|43.96|0.06|2.78|13.93|21.91|188.467|27.5|23.6|so____|15.2|45|730|2.1|1026.4|0.0|10|25|no|2|4|22|15.2|0.00|9.99
2019-09-19|12:38:00|43.62|0.05|2.92|13.92|21.88|186.42|27.5|23.6|so____|15.2|45|730|2.1|1026.4|0.0|10|25|no|2|4|22|15.2|0.00|9.99
2019-09-19|12:39:00|43.85|0.07|2.64|13.91|21.92|161.738|27.5|23.7|so____|15.2|45|730|2.1|1026.4|0.0|10|25|no|2|4|22|15.2|0.00|9.99
2019-09-19|12:40:00|41.4|0.06|2.5|13.9|21.92|182.098|27.5|23.8|so____|15.3|45|720|2.1|1026.4|0.0|10|30|no|2|4|23|15.3|0.00|9.99
2019-09-19|12:41:00|44.18|0.06|2.78|13.9|21.9|193.585|27.5|23.7|so____|15.3|45|720|2.1|1026.4|0.0|10|30|no|2|4|23|15.3|0.00|9.99
2019-09-19|12:42:00|45.1|0.06|3.06|13.94|21.93|191.993|27.5|23.7|so____|15.3|45|720|2.1|1026.4|0.0|10|30|no|2|4|23|15.3|0.00|9.99
2019-09-19|12:43:00|44.88|0.06|2.78|13.93|21.94|192.164|27.5|23.6|so____|15.3|45|720|2.1|1026.4|0.0|10|30|no|2|4|23|15.3|0.00|9.99
2019-09-19|12:44:00|44.75|0.06|2.64|13.93|21.94|191.823|27.5|23.6|so____|15.3|45|720|2.1|1026.4|0.0|10|30|no|2|4|23|15.3|0.00|9.99
2019-09-19|12:45:00|44.64|0.06|3.06|13.93|21.92|192.334|27.5|23.4|so____|15.3|45|720|2.1|1026.4|0.0|10|30|no|2|4|23|15.3|0.00|9.99
2019-09-19|12:46:00|44.67|0.06|2.64|13.93|21.93|192.96|27.5|23.7|so____|15.3|45|720|2.1|1026.4|0.0|10|30|no|2|4|23|15.3|0.00|9.99
2019-09-19|12:47:00|44.7|0.06|2.92|13.93|21.92|190.913|27.5|23.7|so____|15.3|45|720|2.1|1026.4|0.0|10|30|no|2|4|23|15.3|0.00|9.99
2019-09-19|12:48:00|44.74|0.06|2.64|13.94|21.92|162.136|27.5|23.7|so____|15.3|45|720|2.1|1026.4|0.0|10|30|no|2|4|23|15.3|0.00|9.99
2019-09-19|12:49:00|41.82|0.05|2.64|13.9|21.95|192.505|27.5|23.5|so____|15.3|45|720|2.1|1026.4|0.0|10|30|no|2|4|23|15.3|0.00|9.99
2019-09-19|12:50:00|45.38|0.06|2.78|13.93|21.96|191.766|27.5|23.6|so____|15.3|45|720|2.1|1026.4|0.0|10|30|no|2|4|23|15.3|0.00|9.99
2019-09-19|12:51:00|45.23|0.05|2.78|13.93|21.91|193.813|27.5|23.7|so____|15.3|45|720|2.1|1026.4|0.0|10|30|no|2|4|23|15.3|0.00|9.99
2019-09-19|12:52:00|45.12|0.06|2.92|13.94|21.96|193.529|27.5|23.7|so____|15.3|45|720|2.1|1026.4|0.0|10|30|no|2|4|23|15.3|0.00|9.99
2019-09-19|12:53:00|45.0|0.05|2.64|13.93|21.93|193.415|27.5|23.5|so____|15.3|45|720|2.1|1026.4|0.0|10|30|no|2|4|23|15.3|0.00|9.99
2019-09-19|12:54:00|44.87|0.06|2.5|13.93|21.96|193.074|27.5|23.5|so____|15.3|45|720|2.1|1026.4|0.0|10|30|no|2|4|23|15.3|0.00|9.99
2019-09-19|12:55:00|44.64|0.06|2.5|13.93|21.96|193.927|27.5|23.3|so____|15.3|45|720|2.1|1026.4|0.0|10|30|no|2|4|23|15.3|0.00|9.99
2019-09-19|12:56:00|44.49|0.06|2.92|13.93|21.94|194.097|27.5|23.5|so____|15.3|45|720|2.1|1026.4|0.0|10|30|no|2|4|23|15.3|0.00|9.99
2019-09-19|12:57:00|44.45|0.06|2.78|13.92|21.95|194.552|27.5|23.4|so____|15.3|45|720|2.1|1026.4|0.0|10|30|no|2|4|23|15.3|0.00|9.99
2019-09-19|12:58:00|44.43|0.06|3.06|13.92|21.98|194.723|27.5|23.4|so____|15.3|45|720|2.1|1026.4|0.0|10|30|no|2|4|23|15.3|0.00|9.99
2019-09-19|12:59:00|44.41|0.05|2.92|13.92|21.96|194.439|27.5|23.3|so____|15.3|45|720|2.1|1026.4|0.0|10|30|no|2|4|23|15.3|0.00|9.99
2019-09-19|13:00:00|44.41|0.06|2.64|13.92|21.94|194.154|27.6|23.5|so____|15.3|45|720|2.1|1026.4|0.0|10|30|no|2|4|23|15.3|0.00|9.99
2019-09-19|13:01:00|44.38|0.05|2.5|13.93|21.98|193.699|27.6|23.3|so____|15.3|45|720|2.1|1026.4|0.0|10|30|no|2|4|23|15.3|0.00|9.99
2019-09-19|13:02:00|44.29|0.06|2.92|13.93|21.96|194.04|27.6|23.0|so____|15.3|45|720|2.1|1026.4|0.0|10|30|no|2|4|23|15.3|0.00|9.99
2019-09-19|13:03:00|44.32|0.06|2.5|13.93|21.98|194.439|27.6|23.2|so____|15.3|45|720|2.1|1026.4|0.0|10|30|no|2|4|23|15.3|0.00|9.99
2019-09-19|13:04:00|44.4|0.05|2.64|13.93|21.97|194.268|27.6|23.3|so____|15.3|45|720|2.1|1026.4|0.0|10|30|no|2|4|23|15.3|0.00|9.99
2019-09-19|13:05:00|44.48|0.06|2.92|13.93|21.97|194.723|27.6|23.5|so____|15.3|45|720|2.1|1026.4|0.0|10|30|no|2|4|23|15.3|0.00|9.99
2019-09-19|13:06:00|44.48|0.06|2.92|13.93|21.97|195.121|27.6|23.2|so____|15.3|45|720|2.1|1026.4|0.0|10|30|no|2|4|23|15.3|0.00|9.99
2019-09-19|13:07:00|44.55|0.06|3.06|13.94|21.98|195.121|27.6|23.6|so____|15.3|45|720|2.1|1026.4|0.0|10|30|no|2|4|23|15.3|0.00|9.99
2019-09-19|13:08:00|44.5|0.06|2.5|13.93|22.02|194.95|27.6|23.2|so____|15.3|45|720|2.1|1026.4|0.0|10|30|no|2|4|23|15.3|0.00|9.99
2019-09-19|13:09:00|44.38|0.05|2.78|13.93|21.99|194.666|27.6|22.9|so____|15.3|45|720|2.1|1026.4|0.0|10|30|no|2|4|23|15.3|0.00|9.99
2019-09-19|13:10:00|44.34|0.06|2.92|13.93|22.0|195.178|27.6|23.1|so____|15.6|40|665|2.2|1026.3|0.0|15|30|no|2|4|23|15.6|0.00|9.99
2019-09-19|13:11:00|44.21|0.05|2.36|13.93|22.01|195.633|27.6|23.0|so____|15.6|40|665|2.2|1026.3|0.0|15|30|no|2|4|23|15.6|0.00|9.99
2019-09-19|13:12:00|44.12|0.06|2.78|13.93|21.99|194.893|27.6|22.9|so____|15.6|40|665|2.2|1026.3|0.0|15|30|no|2|4|23|15.6|0.00|9.99
2019-09-19|13:13:00|44.11|0.06|2.5|13.93|21.98|193.756|27.6|23.0|so____|15.6|40|665|2.2|1026.3|0.0|15|30|no|2|4|23|15.6|0.00|9.99
2019-09-19|13:14:00|44.08|0.06|2.64|13.93|22.02|192.676|27.6|22.9|so____|15.6|40|665|2.2|1026.3|0.0|15|30|no|2|4|23|15.6|0.00|9.99
2019-09-19|13:15:00|44.04|0.05|2.78|13.94|22.03|191.879|27.6|23.1|so____|15.6|40|665|2.2|1026.3|0.0|15|30|no|2|4|23|15.6|0.00|9.99
2019-09-19|13:16:00|44.03|0.06|2.78|13.94|21.99|191.197|27.6|22.7|so____|15.6|40|665|2.2|1026.3|0.0|15|30|no|2|4|23|15.6|0.00|9.99
2019-09-19|13:17:00|44.12|0.06|2.78|13.93|22.03|190.628|27.6|23.1|so____|15.6|40|665|2.2|1026.3|0.0|15|30|no|2|4|23|15.6|0.00|9.99
2019-09-19|13:19:00|44.24|0.05|2.78|13.94|22.02|190.116|27.6|23.0|so____|15.6|40|650|2.3|1026.3|0.0|15|30|no|2|4|23|15.6|0.00|9.99
2019-09-19|13:19:00|44.27|0.06|2.36|13.93|22.03|166.402|27.6|23.1|so____|15.6|40|650|2.3|1026.3|0.0|15|30|no|2|4|23|15.6|0.00|9.99
2019-09-19|13:20:00|41.89|0.05|2.5|13.92|22.04|150.194|27.6|23.2|so____|15.6|40|650|2.3|1026.3|0.0|15|30|no|2|4|23|15.6|0.00|9.99
2019-09-19|13:21:00|40.41|0.04|2.49|13.88|22.0|148.829|27.6|23.0|so____|15.6|40|650|2.3|1026.3|0.0|15|30|no|2|4|23|15.6|0.00|9.99
2019-09-19|13:22:00|41.13|0.05|2.35|13.87|22.01|147.862|27.6|22.9|so____|15.6|40|650|2.3|1026.3|0.0|15|30|no|2|4|23|15.6|0.00|9.99
2019-09-19|13:23:00|42.48|0.06|2.63|13.86|22.05|153.72|27.6|23.1|so____|15.6|40|650|2.3|1026.3|0.0|15|30|no|2|4|23|15.6|0.00|9.99
2019-09-19|13:24:00|41.83|0.06|2.22|13.89|22.03|148.601|27.6|23.1|so____|15.6|40|650|2.3|1026.3|0.0|15|30|no|2|4|23|15.6|0.00|9.99
2019-09-19|13:25:00|42.32|0.05|2.22|13.88|22.04|150.706|27.6|22.9|so____|15.6|40|650|2.3|1026.3|0.0|15|30|no|2|4|23|15.6|0.00|9.99
2019-09-19|13:26:00|43.98|0.05|2.63|13.88|22.04|169.473|27.6|22.9|so____|15.6|40|650|2.3|1026.3|0.0|15|30|no|2|4|23|15.6|0.00|9.99
2019-09-19|13:27:00|46.39|0.05|2.64|13.92|22.02|187.785|27.6|23.2|so____|15.7|40|640|2.8|1026.2|0.0|10|30|no|2|4|25|15.7|0.00|9.99
2019-09-19|13:28:00|46.14|0.05|2.5|13.94|22.06|188.297|27.5|23.2|so____|15.7|40|640|2.8|1026.2|0.0|10|30|no|2|4|25|15.7|0.00|9.99
2019-09-19|13:29:00|45.81|0.06|2.5|13.93|22.06|188.41|27.5|22.9|so____|15.7|40|640|2.8|1026.2|0.0|10|30|no|2|4|25|15.7|0.00|9.99
2019-09-19|13:30:00|45.47|0.05|2.36|13.93|22.02|188.41|27.5|22.8|so____|15.7|40|640|2.8|1026.2|0.0|10|30|no|2|4|25|15.7|0.00|9.99
2019-09-19|13:31:00|45.1|0.06|2.78|13.92|22.05|186.477|27.5|22.9|so____|15.7|40|640|2.8|1026.2|0.0|10|30|no|2|4|25|15.7|0.00|9.99
2019-09-19|13:32:00|44.75|0.05|2.5|13.92|22.03|185.737|27.5|22.7|so____|15.7|40|640|2.8|1026.2|0.0|10|30|no|2|4|25|15.7|0.00|9.99
2019-09-19|13:33:00|44.78|0.05|2.22|13.92|22.02|187.785|27.5|22.5|so____|15.7|40|640|2.8|1026.2|0.0|10|30|no|2|4|25|15.7|0.00|9.99
2019-09-19|13:34:00|44.71|0.05|2.78|13.91|22.04|187.898|27.5|22.3|so____|15.7|40|640|2.8|1026.2|0.0|10|30|no|2|4|25|15.7|0.00|9.99
2019-09-19|13:35:00|44.48|0.05|2.22|13.91|22.06|188.069|27.6|22.4|so____|15.7|40|640|2.8|1026.2|0.0|10|30|no|2|4|25|15.7|0.00|9.99
2019-09-19|13:36:00|44.35|0.05|2.78|13.91|22.08|188.126|27.6|22.3|so____|15.7|40|640|2.8|1026.2|0.0|10|30|no|2|4|25|15.7|0.00|9.99
2019-09-19|13:37:00|44.27|0.06|2.36|13.91|22.08|188.353|27.6|22.4|so____|15.6|40|650|2.3|1026.3|0.0|15|30|no|2|4|23|15.6|0.00|9.99
2019-09-19|13:38:00|44.31|0.05|2.64|13.9|22.05|187.785|27.6|22.5|so____|15.6|40|650|2.3|1026.3|0.0|15|30|no|2|4|23|15.6|0.00|9.99
2019-09-19|13:39:00|44.36|0.05|2.22|13.9|22.08|187.671|27.6|23.0|so____|15.7|40|640|2.8|1026.2|0.0|10|30|no|2|4|25|15.7|0.00|9.99
2019-09-19|13:40:00|44.47|0.05|2.64|13.9|22.09|187.216|27.5|23.1|so____|15.7|40|640|2.8|1026.2|0.0|10|30|no|2|4|25|15.7|0.00|9.99
2019-09-19|13:41:00|44.5|0.05|2.5|13.9|22.05|186.875|27.5|23.1|so____|15.7|40|640|2.8|1026.2|0.0|10|30|no|2|4|25|15.7|0.00|9.99
2019-09-19|13:42:00|44.58|0.05|2.22|13.91|22.07|186.818|27.5|23.2|so____|15.7|40|640|2.8|1026.2|0.0|10|30|no|2|4|25|15.7|0.00|9.99
2019-09-19|13:43:00|44.5|0.06|2.64|13.91|22.08|186.761|27.5|22.9|so____|15.7|40|640|2.8|1026.2|0.0|10|30|no|2|4|25|15.7|0.00|9.99
2019-09-19|13:44:00|44.51|0.06|2.64|13.91|22.11|186.306|27.5|22.8|so____|15.7|40|640|2.8|1026.2|0.0|10|30|no|2|4|25|15.7|0.00|9.99
2019-09-19|13:45:00|44.51|0.05|2.78|13.91|22.07|185.965|27.5|22.9|so____|15.8|40|620|2.7|1026.2|0.0|10|30|no|2|4|24|15.8|0.00|9.99
2019-09-19|13:46:00|44.45|0.04|2.78|13.92|22.08|185.965|27.5|23.4|so____|15.8|40|620|2.7|1026.2|0.0|10|30|no|2|4|24|15.8|0.00|9.99
2019-09-19|13:47:00|44.34|0.05|2.36|13.92|22.1|186.136|27.5|23.1|so____|15.8|40|620|2.7|1026.2|0.0|10|30|no|2|4|24|15.8|0.00|9.99
2019-09-19|13:48:00|44.34|0.05|2.5|13.92|22.08|185.851|27.5|23.1|so____|15.8|40|620|2.7|1026.2|0.0|10|30|no|2|4|24|15.8|0.00|9.99
2019-09-19|13:49:00|44.32|0.05|2.64|13.92|22.07|186.079|27.5|22.9|so____|15.8|40|620|2.7|1026.2|0.0|10|30|no|2|4|24|15.8|0.00|9.99
2019-09-19|13:50:00|44.29|0.06|2.36|13.92|22.1|186.306|27.6|22.7|so____|15.8|40|620|2.7|1026.2|0.0|10|30|no|2|4|24|15.8|0.00|9.99
2019-09-19|13:51:00|44.24|0.05|2.22|13.92|22.07|186.249|27.6|22.9|so____|15.8|40|620|2.7|1026.2|0.0|10|30|no|2|4|24|15.8|0.00|9.99
2019-09-19|13:52:00|44.22|0.05|2.36|13.92|22.11|186.192|27.6|22.9|so____|15.8|40|620|2.7|1026.2|0.0|10|30|no|2|4|24|15.8|0.00|9.99
2019-09-19|13:53:00|44.23|0.05|2.22|13.92|22.12|186.079|27.6|23.1|so____|15.8|40|620|2.7|1026.2|0.0|10|30|no|2|4|24|15.8|0.00|9.99
2019-09-19|13:54:00|44.27|0.05|2.64|13.92|22.08|186.192|27.6|22.7|so____|15.8|40|620|2.7|1026.2|0.0|10|30|no|2|4|24|15.8|0.00|9.99
2019-09-19|13:55:00|44.23|0.05|2.5|13.92|22.1|186.192|27.6|23.0|so____|15.8|40|620|2.7|1026.2|0.0|10|30|no|2|4|24|15.8|0.00|9.99
2019-09-19|13:56:00|44.1|0.06|2.64|13.93|22.08|186.534|27.6|23.2|so____|15.8|40|620|2.7|1026.2|0.0|10|30|no|2|4|24|15.8|0.00|9.99
2019-09-19|13:57:00|44.22|0.05|2.64|13.92|22.13|186.932|27.6|23.0|so____|15.8|40|620|2.7|1026.2|0.0|10|30|no|2|4|24|15.8|0.00|9.99
2019-09-19|13:58:00|44.35|0.05|2.36|13.92|22.1|187.5|27.6|23.1|so____|15.8|40|620|2.7|1026.2|0.0|10|30|no|2|4|24|15.8|0.00|9.99
2019-09-19|13:59:00|44.34|0.05|2.78|13.93|22.11|208.599|27.5|22.9|so____|15.8|40|620|2.7|1026.2|0.0|10|30|no|2|4|24|15.8|0.00|9.99
2019-09-19|14:00:00|44.34|0.05|2.78|13.92|22.12|215.025|27.5|23.3|so____|15.8|40|620|2.7|1026.2|0.0|10|30|no|2|4|24|15.8|0.00|9.99
2019-09-19|14:01:00|44.33|0.05|2.22|13.93|22.13|217.187|27.5|23.4|so____|15.8|40|620|2.7|1026.2|0.0|10|30|no|2|4|24|15.8|0.00|9.99
2019-09-19|14:02:00|44.29|0.05|2.64|13.93|22.09|218.04|27.5|23.3|so____|15.8|40|620|2.7|1026.2|0.0|10|30|no|2|4|24|15.8|0.00|9.99
2019-09-19|14:03:00|44.2|0.05|2.64|13.93|22.1|218.381|27.5|23.1|so____|15.8|40|620|2.7|1026.2|0.0|10|30|no|2|4|24|15.8|0.00|9.99
2019-09-19|14:04:00|44.16|0.05|2.78|13.94|22.15|218.495|27.5|23.3|so____|15.8|40|620|2.7|1026.2|0.0|10|30|no|2|4|24|15.8|0.00|9.99
2019-09-19|14:05:00|44.21|0.05|2.78|13.93|22.14|218.324|27.5|23.2|so____|15.8|40|620|2.7|1026.2|0.0|10|30|no|2|4|24|15.8|0.00|9.99
2019-09-19|14:06:00|44.21|0.05|2.78|13.94|22.11|218.04|27.6|23.4|so____|15.8|40|620|2.7|1026.2|0.0|10|30|no|2|4|24|15.8|0.00|9.99
2019-09-19|14:07:00|44.26|0.05|2.36|13.93|22.1|211.329|27.6|23.3|so____|15.8|40|620|2.7|1026.2|0.0|10|30|no|2|4|24|15.8|0.00|9.99
2019-09-19|14:08:00|44.29|0.06|2.78|13.93|22.14|217.812|27.6|23.4|so____|15.8|40|620|2.7|1026.2|0.0|10|30|no|2|4|24|15.8|0.00|9.99
2019-09-19|14:09:00|44.42|0.06|2.36|13.93|22.13|217.471|27.6|23.5|so____|15.8|40|620|2.7|1026.2|0.0|10|30|no|2|4|24|15.8|0.00|9.99
2019-09-19|14:10:00|44.38|0.05|2.64|13.94|22.11|217.243|27.6|23.5|so____|15.8|40|620|2.7|1026.2|0.0|10|30|no|2|4|24|15.8|0.00|9.99
2019-09-19|14:11:00|44.45|0.05|2.5|13.93|22.17|217.528|27.6|23.4|so____|15.9|40|560|2.5|1026.2|0.0|10|30|no|2|4|24|15.9|0.00|9.99
2019-09-19|14:12:00|44.41|0.05|2.5|13.93|22.14|217.187|27.7|23.4|so____|15.9|40|560|2.5|1026.2|0.0|10|30|no|2|4|24|15.9|0.00|9.99
2019-09-19|14:13:00|44.53|0.05|2.23|13.93|22.13|217.13|27.7|23.6|so____|15.9|40|560|2.5|1026.2|0.0|10|30|no|2|4|24|15.9|0.00|9.99
2019-09-19|14:14:00|42.14|0.06|2.36|13.93|22.13|208.94|27.7|23.5|so____|15.9|40|560|2.5|1026.2|0.0|10|30|no|2|4|24|15.9|0.00|9.99
2019-09-19|14:15:00|43.76|0.05|2.36|13.92|22.17|213.547|27.7|23.6|so____|15.9|40|560|2.5|1026.2|0.0|10|30|no|2|4|24|15.9|0.00|9.99
2019-09-19|14:16:00|41.67|0.05|2.22|13.91|22.14|208.485|27.7|23.6|so____|15.7|40|540|2.6|1026.2|0.0|10|30|no|2|4|24|15.7|0.00|9.99
2019-09-19|14:17:00|41.59|0.05|2.08|13.92|22.13|208.542|27.7|23.7|so____|15.7|40|540|2.6|1026.2|0.0|10|30|no|2|4|24|15.7|0.00|9.99
2019-09-19|14:18:00|44.14|0.06|2.5|13.88|22.15|212.409|27.7|23.6|so____|15.7|40|540|2.6|1026.2|0.0|10|30|no|2|4|24|15.7|0.00|9.99
2019-09-19|14:19:00|45.52|0.05|2.78|13.9|22.13|216.22|27.7|23.5|so____|15.7|40|540|2.6|1026.2|0.0|10|30|no|2|4|24|15.7|0.00|9.99
2019-09-19|14:20:00|45.49|0.05|2.36|13.93|22.15|216.845|27.7|23.4|so____|15.7|40|540|2.6|1026.2|0.0|10|30|no|2|4|24|15.7|0.00|9.99
2019-09-19|14:21:00|45.03|0.05|2.36|13.93|22.14|216.163|27.7|23.5|so____|15.7|40|540|2.6|1026.2|0.0|10|30|no|2|4|24|15.7|0.00|9.99
2019-09-19|14:22:00|43.35|0.05|2.36|13.94|22.19|211.443|27.7|23.5|so____|15.7|40|540|2.6|1026.2|0.0|10|30|no|2|4|24|15.7|0.00|9.99
2019-09-19|14:23:00|45.17|0.04|2.5|13.91|22.16|215.367|27.8|23.5|so____|15.7|40|540|2.6|1026.2|0.0|10|30|no|2|4|24|15.7|0.00|9.99
2019-09-19|14:24:00|45.76|0.05|2.5|13.94|22.16|218.096|27.8|23.4|so____|15.7|40|540|2.6|1026.2|0.0|10|30|no|2|4|24|15.7|0.00|9.99
2019-09-19|14:25:00|45.46|0.05|2.22|13.94|22.16|218.153|27.8|23.5|so____|15.7|40|540|2.6|1026.2|0.0|10|30|no|2|4|24|15.7|0.00|9.99
2019-09-19|14:26:00|45.13|0.04|2.5|13.93|22.14|217.698|27.8|23.5|so____|15.5|40|515|3.5|1026.2|0.0|10|30|no|3|4|23|15.5|0.00|9.99
2019-09-19|14:27:00|45.04|0.05|2.5|13.94|22.13|217.983|27.8|23.4|so____|15.5|40|515|3.5|1026.2|0.0|10|30|no|3|4|23|15.5|0.00|9.99
2019-09-19|14:28:00|44.89|0.04|2.08|13.93|22.18|217.983|27.8|23.2|so____|15.5|40|515|3.5|1026.2|0.0|10|30|no|3|4|23|15.5|0.00|9.99
2019-09-19|14:29:00|44.95|0.05|2.36|13.93|22.18|218.779|27.8|23.4|so____|15.5|40|515|3.5|1026.2|0.0|10|30|no|3|4|23|15.5|0.00|9.99
2019-09-19|14:30:00|44.87|0.05|2.22|13.93|22.18|218.551|27.9|23.4|so____|15.5|40|515|3.5|1026.2|0.0|10|30|no|3|4|23|15.5|0.00|9.99
2019-09-19|14:31:00|44.79|0.05|2.5|13.93|22.2|218.665|27.9|23.2|so____|15.5|40|515|3.5|1026.2|0.0|10|30|no|3|4|23|15.5|0.00|9.99
2019-09-19|14:32:00|44.75|0.05|2.22|13.93|22.2|218.21|27.9|23.4|so____|15.5|40|515|3.5|1026.2|0.0|10|30|no|3|4|23|15.5|0.00|9.99
2019-09-19|14:33:00|44.76|0.04|2.36|13.93|22.21|218.381|27.9|23.2|so____|15.5|40|515|3.5|1026.2|0.0|10|30|no|3|4|23|15.5|0.00|9.99
2019-09-19|14:34:00|44.67|0.05|2.64|13.92|22.19|218.21|27.9|23.3|so____|15.5|40|515|3.5|1026.2|0.0|10|30|no|3|4|23|15.5|0.00|9.99
2019-09-19|14:35:00|44.65|0.05|2.36|13.93|22.18|217.528|27.9|23.0|so____|15.5|40|515|3.5|1026.2|0.0|10|30|no|3|4|23|15.5|0.00|9.99
2019-09-19|14:36:00|44.37|0.05|2.5|13.92|22.17|217.357|27.9|23.2|so____|15.5|40|515|3.5|1026.2|0.0|10|30|no|3|4|23|15.5|0.00|9.99
2019-09-19|14:37:00|44.19|0.05|2.36|13.92|22.21|216.618|27.9|23.2|so____|15.5|40|515|3.5|1026.2|0.0|10|30|no|3|4|23|15.5|0.00|9.99
2019-09-19|14:38:00|44.25|0.05|2.36|13.91|22.17|215.822|27.9|23.2|so____|15.5|40|515|3.5|1026.2|0.0|10|30|no|3|4|23|15.5|0.00|9.99
2019-09-19|14:39:00|44.72|0.05|2.36|13.92|22.2|217.812|27.9|23.2|so____|15.5|40|515|3.5|1026.2|0.0|10|30|no|3|4|23|15.5|0.00|9.99
2019-09-19|14:40:00|44.5|0.05|2.36|13.92|22.21|217.073|28.0|23.2|so____|15.5|40|515|3.5|1026.2|0.0|10|30|no|3|4|23|15.5|0.00|9.99
2019-09-19|14:41:00|44.41|0.05|2.36|13.92|22.18|216.618|28.0|23.0|so____|15.3|40|480|3.2|1026.2|0.0|10|30|no|2|4|23|15.3|0.00|9.99
2019-09-19|14:42:00|44.43|0.05|2.22|13.92|22.19|216.561|28.0|22.9|so____|15.3|40|480|3.2|1026.2|0.0|10|30|no|2|4|23|15.3|0.00|9.99
2019-09-19|14:43:00|44.72|0.04|2.5|13.92|22.24|216.561|28.0|23.0|so____|15.3|40|480|3.2|1026.2|0.0|10|30|no|2|4|23|15.3|0.00|9.99
2019-09-19|14:44:00|44.68|0.05|2.22|13.92|22.2|216.845|28.0|22.9|so____|15.3|40|480|3.2|1026.2|0.0|10|30|no|2|4|23|15.3|0.00|9.99
2019-09-19|14:45:00|44.71|0.04|2.22|13.92|22.21|216.788|28.0|23.0|so____|15.3|40|480|3.2|1026.2|0.0|10|30|no|2|4|23|15.3|0.00|9.99
2019-09-19|14:46:00|44.48|0.05|2.5|13.91|22.22|216.561|28.0|22.9|so____|15.3|40|480|3.2|1026.2|0.0|10|30|no|2|4|23|15.3|0.00|9.99
2019-09-19|14:47:00|44.4|0.05|2.36|13.92|22.2|216.049|28.0|22.8|so____|15.3|40|480|3.2|1026.2|0.0|10|30|no|2|4|23|15.3|0.00|9.99
2019-09-19|14:48:00|44.28|0.05|2.36|13.92|22.23|215.48|28.0|22.7|so____|15.3|40|480|3.2|1026.2|0.0|10|30|no|2|4|23|15.3|0.00|9.99
2019-09-19|14:49:00|44.27|0.04|2.22|13.91|22.22|215.48|28.0|22.9|so____|15.3|40|480|3.2|1026.2|0.0|10|30|no|2|4|23|15.3|0.00|9.99
2019-09-19|14:50:00|44.23|0.05|2.36|13.92|22.21|215.879|28.0|22.9|so____|15.3|40|480|3.2|1026.2|0.0|10|30|no|2|4|23|15.3|0.00|9.99
2019-09-19|14:51:00|44.14|0.05|2.36|13.92|22.25|215.765|28.0|22.8|so____|15.3|40|480|3.2|1026.2|0.0|10|30|no|2|4|23|15.3|0.00|9.99
2019-09-19|14:52:00|44.16|0.05|2.36|13.91|22.22|215.935|28.0|22.8|so____|15.3|40|480|3.2|1026.2|0.0|10|30|no|2|4|23|15.3|0.00|9.99
2019-09-19|14:53:00|44.18|0.05|2.36|13.91|22.23|215.651|28.0|22.8|so____|15.3|40|480|3.2|1026.2|0.0|10|30|no|2|4|23|15.3|0.00|9.99
2019-09-19|14:54:00|44.34|0.05|2.36|13.91|22.24|215.822|28.1|22.7|so____|15.3|40|480|3.2|1026.2|0.0|10|30|no|2|4|23|15.3|0.00|9.99
2019-09-19|14:55:00|44.4|0.05|2.36|13.92|22.23|215.879|28.1|22.7|so____|15.3|40|480|3.2|1026.2|0.0|10|30|no|2|4|23|15.3|0.00|9.99
2019-09-19|14:56:00|44.41|0.05|2.36|13.92|22.23|216.22|28.1|22.7|so____|15.3|40|480|3.2|1026.2|0.0|10|30|no|2|4|23|15.3|0.00|9.99
2019-09-19|14:57:00|44.41|0.05|2.5|13.91|22.26|215.992|28.1|22.7|so____|15.3|40|480|3.2|1026.2|0.0|10|30|no|2|4|23|15.3|0.00|9.99
2019-09-19|14:58:00|44.43|0.05|2.36|13.92|22.23|216.049|28.1|22.7|so____|15.3|40|480|3.2|1026.2|0.0|10|30|no|2|4|23|15.3|0.00|9.99
2019-09-19|14:59:00|44.31|0.05|2.36|13.92|22.25|216.333|28.1|22.8|so____|15.3|40|480|3.2|1026.2|0.0|10|30|no|2|4|23|15.3|0.00|9.99
2019-09-19|15:00:00|44.21|0.05|2.22|13.92|22.24|215.31|28.1|22.7|so____|15.3|40|480|3.2|1026.2|0.0|10|30|no|2|4|23|15.3|0.00|9.99
2019-09-19|15:01:00|43.87|0.05|2.5|13.91|22.27|213.262|28.1|22.7|so____|15.3|40|480|3.2|1026.2|0.0|10|30|no|2|4|23|15.3|0.00|9.99
2019-09-19|15:02:00|43.3|0.05|2.22|13.91|22.27|211.67|28.1|22.7|so____|15.3|40|480|3.2|1026.2|0.0|10|30|no|2|4|23|15.3|0.00|9.99
2019-09-19|15:03:00|44.29|0.05|2.08|13.92|22.26|214.684|28.1|22.8|so____|15.3|40|480|3.2|1026.2|0.0|10|30|no|2|4|23|15.3|0.00|9.99
2019-09-19|15:04:00|43.83|0.05|2.36|13.92|22.27|215.139|28.1|22.8|so____|15.3|40|480|3.2|1026.2|0.0|10|30|no|2|4|23|15.3|0.00|9.99
2019-09-19|15:05:00|44.3|0.05|2.36|13.92|22.28|217.073|28.1|22.8|so____|15.3|40|480|3.2|1026.2|0.0|10|30|no|2|4|23|15.3|0.00|9.99
2019-09-19|15:06:00|44.26|0.05|2.22|13.92|22.27|217.528|28.1|22.9|so____|15.3|40|480|3.2|1026.2|0.0|10|30|no|2|4|23|15.3|0.00|9.99
2019-09-19|15:07:00|44.22|0.05|2.22|13.91|22.26|218.267|28.1|22.8|so____|15.3|40|480|3.2|1026.2|0.0|10|30|no|2|4|23|15.3|0.00|9.99
2019-09-19|15:08:00|44.18|0.05|2.22|13.92|22.29|218.836|28.1|22.7|so____|15.3|40|480|3.2|1026.2|0.0|10|30|no|2|4|23|15.3|0.00|9.99
2019-09-19|15:09:00|44.06|0.04|2.36|13.91|22.27|218.153|28.1|22.7|so____|15.3|40|480|3.2|1026.2|0.0|10|30|no|2|4|23|15.3|0.00|9.99
2019-09-19|15:10:00|44.18|0.05|2.22|13.92|22.26|219.575|28.1|23.0|so____|14.7|40|400|2.7|1026.2|0.0|10|35|no|2|4|24|14.7|0.00|9.99
2019-09-19|15:11:00|44.16|0.05|2.36|13.92|22.29|219.803|28.1|22.7|so____|14.7|40|400|2.7|1026.2|0.0|10|35|no|2|4|24|14.7|0.00|9.99
2019-09-19|15:12:00|44.15|0.05|2.22|13.92|22.27|219.916|28.2|22.7|so____|14.7|40|400|2.7|1026.2|0.0|10|35|no|2|4|24|14.7|0.00|9.99
2019-09-19|15:13:00|44.16|0.05|2.36|13.93|22.26|220.428|28.2|22.8|so____|14.7|40|400|2.7|1026.2|0.0|10|35|no|2|4|24|14.7|0.00|9.99
2019-09-19|15:14:00|44.07|0.05|2.22|13.92|22.27|220.599|28.2|22.8|so____|14.7|40|400|2.7|1026.2|0.0|10|35|no|2|4|24|14.7|0.00|9.99
2019-09-19|15:15:00|43.99|0.05|2.22|13.92|22.3|220.485|28.2|22.7|so____|14.7|40|400|2.7|1026.2|0.0|10|35|no|2|4|24|14.7|0.00|9.99
2019-09-19|15:16:00|44.0|0.05|2.36|13.92|22.29|220.883|28.2|22.8|so____|14.7|40|400|2.7|1026.2|0.0|10|35|no|2|4|24|14.7|0.00|9.99
2019-09-19|15:17:00|43.96|0.05|2.36|13.92|22.28|221.167|28.2|22.8|so____|14.7|40|400|2.7|1026.2|0.0|10|35|no|2|4|24|14.7|0.00|9.99
2019-09-19|15:18:00|43.9|0.05|2.22|13.91|22.32|221.622|28.2|22.7|so____|14.7|40|400|2.7|1026.2|0.0|10|35|no|2|4|24|14.7|0.00|9.99
2019-09-19|15:19:00|43.85|0.05|2.22|13.92|22.3|221.395|28.2|22.7|so____|14.7|40|400|2.7|1026.2|0.0|10|35|no|2|4|24|14.7|0.00|9.99
2019-09-19|15:20:00|43.98|0.05|2.22|13.92|22.28|221.793|28.2|22.8|so____|14.3|40|375|2.7|1026.3|0.0|10|35|no|2|4|24|14.3|0.00|9.99
2019-09-19|15:21:00|43.94|0.05|2.22|13.92|22.3|222.134|28.2|22.7|so____|14.3|40|375|2.7|1026.3|0.0|10|35|no|2|4|24|14.3|0.00|9.99
2019-09-19|15:22:00|43.92|0.05|2.36|13.92|22.29|222.077|28.2|22.7|so____|14.3|40|375|2.7|1026.3|0.0|10|35|no|2|4|24|14.3|0.00|9.99
2019-09-19|15:23:00|44.01|0.05|2.36|13.92|22.33|222.817|28.2|22.7|so____|14.3|40|375|2.7|1026.3|0.0|10|35|no|2|4|24|14.3|0.00|9.99
2019-09-19|15:24:00|43.96|0.04|2.22|13.92|22.3|223.328|28.2|22.8|so____|14.3|40|375|2.7|1026.3|0.0|10|35|no|2|4|24|14.3|0.00|9.99
2019-09-19|15:25:00|44.13|0.05|2.22|13.92|22.3|224.125|28.2|22.7|so____|14.3|40|375|2.7|1026.3|0.0|10|35|no|2|4|24|14.3|0.00|9.99
2019-09-19|15:26:00|44.4|0.05|2.36|13.92|22.33|225.262|28.2|22.6|so____|14.3|40|375|2.7|1026.3|0.0|10|35|no|2|4|24|14.3|0.00|9.99
2019-09-19|15:27:00|44.07|0.05|2.22|13.92|22.32|226.684|28.2|22.7|so____|14.3|40|375|2.7|1026.3|0.0|10|35|no|2|4|24|14.3|0.00|9.99
2019-09-19|15:28:00|44.67|0.05|2.36|13.92|22.31|19.154|28.3|22.7|so____|14.3|40|375|2.7|1026.3|0.0|10|35|no|2|4|24|14.3|0.00|9.99
